index,published,topic,term,domain,language,valid,de,title,description,en,la,url,image,archive,content,quote,added,feed,country,ipcc,continent
e22efa5c02438cbd1d3e5257cabfc466,2026-04-02 00:00:00,Storm,κύμα καταιγίδας Τζαμάικα,www-tanea-gr.cdn.ampproject.org,el,0.3,"Kreta: Brüder stritten um... Afrikanischen Staub – Einer unterstützte den Nachbarn, der Wasser ausgoss. Ein unglaublicher Vorfall ereignete sich am Mittwoch (01.04.2026) in Heraklion, Kreta, als der afrikanische Staub, der die Stadt bedeckte, einen hitzigen Streit zwischen zwei Brüdern im Alter von 60 und 57 Jahren auslöste, der mit gegenseitigen Beschwerden auf der Polizeistation endete. Die Spannungen begannen in einem Viertel von Heraklion, weil es Meinungsverschiedenheiten über die Sauberkeit gab. Entsprechend [...]",Κρήτη: Αδέλφια τσακώθηκαν για την… αφρικανική σκόνη – Ο ένας υποστήριξε τον γείτονα που έριχνε νερό,"Ένα απίστευτο περιστατικό σημειώθηκε την Τετάρτη (01/04/2026) στο Ηράκλειο της Κρήτης καθώς η… αφρικανική σκόνη που σκέπασε την πόλη προκάλεσε έντονη λογομαχία ανάμεσα σε δύο αδέρφια, ηλικίας 60 και 57 ετών, η οποία κατέληξε σε αλληλομηνύσεις στο αστυνομικό τμήμα. Η ένταση ξεκίνησε σε γειτονιά του Ηρακλείου, με αφορμή τη διαφωνία τους για την καθαριότητα. Σύμφωνα με […]","Crete: Brothers fought over... African dust - One supported the neighbor who was pouring water. An incredible incident took place on Wednesday (01/04/2026) in Heraklion, Crete as the... African dust that covered the city caused a heated argument between two brothers, aged 60 and 57, which ended in mutual complaints at the police station. The tension started in a neighborhood of Heraklion, due to their disagreement about cleanliness. According to […]","Creta: Fratres pugnaverunt super pulverem Africanum. Incredibile facinus die Mercurii (01/04/2026) factum est in Heraklion, Creta sicut pulvis Africae..., qui urbem operiebat, argumentum calidum inter duos fratres annos LX et LVII effecit, quod mutuis querelis apud stationem vigilum desiit. Contentio in vicinia Heraklion incepit, ob dissensionem de munditia. Secundum […]",https://www-tanea-gr.cdn.ampproject.org/v/s/www.tanea.gr/2026/04/02/greece/kriti-adelfia-tsakothikan-gia-tin-afrikaniki-skoni-o-enas-ypostirikse-ton-geitona-pou-erixne-nero/amp/?amp_js_v=0.1&amp_gsa=1#webview=1,,,,,2026-04-07 07:42:14+00:00,wmo,Jamaica,CAR,North-America
b9137c3a5f1eee9148bbbbe4eb6c6a35,2026-04-02 07:01:54,Drought,ξηρασία ελλάδα,www.ieidiseis.gr,el,0.3,"Surrealer Kampf auf Kreta: Er kämpfte mit seinem Bruder, weil er sich wegen des afrikanischen Staubs auf die Seite des Nachbarn stellte. In Heraklion nahm ein Streit eine unglaubliche Wendung, als zwei Brüder sich gegenseitig wegen des afrikanischen Staubs verklagten.",Σουρεαλιστικός καβγάς στην Κρήτη: Τσακώθηκε με τον αδελφό του γιατί πήρε το μέρος του γείτονα για την αφρικανική σκόνη,"Απίστευτη τροπή πήρε μια διαφωνία στο Ηράκλειο, όπου δύο αδέλφια αλληλομηνύθηκαν εξαιτίας της αφρικανικής σκόνης.","Surreal fight in Crete: He fought with his brother because he took the neighbor's side for the African dust. An argument took an incredible turn in Heraklion, where two brothers sued each other because of the African dust.","Pugna Surreal in Creta: Ipse cum fratre pugnavit quia latus proximi pro pulvere Africano accepit. Argumentum incredibile in Heraklion sumpsit, ubi duo fratres propter pulverem Africanum inter se contenderunt.",https://www.ieidiseis.gr/ellada/731049/soyrealistikos-kavgas-stin-kriti-tsakothike-me-ton-adelfo-toy-giati-pire-to-meros-toy-geitona-gia-tin-afrikaniki-skoni/,,,,,2026-04-07 07:42:14+00:00,edo,Greece,MED,Europe
c8a80211120c9271019fa68420d4ff04,2026-04-02 10:08:54,Drought,ξηρασία αλβανία,www-enikos-gr.cdn.ampproject.org,el,0.3,"Heraklion: Brüder kämpften, weil ihr Nachbar ... Wasser ausgoss, um afrikanischen Staub zu entfernen. Lesen Sie, wie zwei Brüder in Heraklion nach einem Streit um afrikanisches Pulver und die Wasserrechnung auf der Polizeiwache landeten.",Ηράκλειο: Αδέλφια τσακώθηκαν επειδή ο γείτονάς τους… έριχνε νερό για να απομακρύνει την αφρικανική σκόνη,Διαβάστε πώς δύο αδέλφια στο Ηράκλειο κατέληξαν στο αστυνομικό τμήμα μετά από καβγά για αφρικανική σκόνη και τον λογαριασμό του νερού.,Heraklion: Brothers fought because their neighbor... was pouring water to remove African dust. Read how two brothers in Heraklion ended up at the police station after a fight over African powder and the water bill.,Heraklion: Fratres pugnaverunt quod vicinus eorum aquam fundebat ad removendum pulverem Africanum. Lege quomodo duo fratres in Heraklion in statione vigilum confecta sunt post pugnam super pulverem Africanum et aquam rogationis.,https://www-enikos-gr.cdn.ampproject.org/v/s/www.enikos.gr/society/irakleio-adelfia-tsakothikan-epeidi-o-geitonas-tous-erichne-nero-gia-na-apomakrynei-tin-afrikaniki-skoni/2559144/amp/?amp_js_v=0.1&amp_gsa=1#webview=1,,,,,2026-04-07 07:42:14+00:00,edo,Albania,MED,Europe
b33df238eae83c0b7cf07a0f904e94c4,2026-04-02 10:12:56,Storm,καταιγίδα χαλαζόπτωση Σίδνεϊ Νέα Νότια Ουαλία 2015,www-newsit-gr.cdn.ampproject.org,el,0.3,"Heraklion – Afrikanischer Staub: Brüder kämpften gegeneinander, weil sie sich über die Reinigung mit Wasser nicht einig waren. Afrikanischer Staub bedeckte alles in Heraklion und die Atmosphäre wurde stickig",Ηράκλειο – Αφρικανική σκόνη: Αδέρφια αλληλομυνήθηκαν επειδή διαφώνησαν για την καθαριότητα με νερό,Η αφρικανική σκόνη κάλυψε τα πάντα στο Ηράκλειο με την ατμόσφαιρα να γίνεται αποπνικτική,Heraklion - African dust: Brothers fought each other because they disagreed about cleaning with water. African dust covered everything in Heraklion with the atmosphere becoming suffocating,Heraklion - pulvis Africanus: Fratres inter se pugnaverunt quia dissenserunt de purgando aqua. pulvis Africanus omnia in Heraklion cum atmosphaera obducta evocet,https://www-newsit-gr.cdn.ampproject.org/v/s/www.newsit.gr/ellada/irakleio-afrikaniki-skoni-aderfia-allilomynithikan-epeidi-diafonisan-gia-tin-kathariotita-me-nero/4641181/amp/?amp_js_v=0.1&amp_gsa=1#webview=1,,,,,2026-04-07 07:42:14+00:00,aidr,,EAU,Oceania
22719c532b5a64995ffe3856c39e814a,2026-04-02 10:20:39,Heat Wave,η πιο ζεστή μέρα,www.huffingtonpost.gr,el,0.3,"Kreta: Heftiger Streit zwischen Brüdern wegen afrikanischem Staub und der Wasserrechnung – Sie landeten bei der Polizei. Die beiden Brüder im Alter von 60 und 57 Jahren, die auch Nachbarn sind, nachdem sie sich gegenseitig wegen des afrikanischen Staubs beleidigt hatten, verklagten sich dann gegenseitig und landeten bei A.T.",Κρήτη: Άγριος καυγάς ανάμεσα σε αδέλφια για την αφρικανική σκόνη και τον λογαριασμό του νερού – Κατέληξαν στο Αστυνομικό Τμήμα,"Τα δύο αδέλφια ηλικίας 60 και 57 ετών, που είναι και γείτονες, αφού εξύβρισαν ο ένας τον άλλον για την αφρικανική σκόνη, στην συνέχεια αλληλομηνύθηκαν και κατέληξαν στο Α.Τ.","Crete: Fierce fight between brothers over African dust and the water bill – They ended up at the Police Department. The two brothers aged 60 and 57, who are also neighbors, after insulting each other about the African dust, then sued each other and ended up in A.T.","Creta: Ferum certamen inter fratres super pulverem Africanum et libellum aquae — Finiunt usque ad Department Police. Duo fratres aetatis LX et LVII, qui et vicini sunt, contumeliis inter se de pulvere Africano, deinde inter se contenderunt et finierunt in A.T.",https://www.huffingtonpost.gr/kinonia/kriti-agrios-kavgas-anamesa-se-adelfia-gia-tin-afrikaniki-skoni-kai-ton-logariasmo-tou-nerou-katelixan-sto-astynomiko-tmima/,,,,,2026-04-07 07:42:14+00:00,random,,,
0801ab3c52b0cee5d3a9aafe211d6707,2026-04-02 15:28:57,Earthquake,σεισμός rodotópi,e--thessalia-gr.cdn.ampproject.org,el,0.3,"Brüder verklagten sich gegenseitig wegen ... afrikanischem Staub. Es herrschte Chaos zwischen zwei Brüdern, die als Nachbarn in Heraklion auf Kreta leben, und es kam zu Kämpfen und ...",Αδέλφια αλληλομηνύθηκαν για την... αφρικανική σκόνη,Χαμός έγινε ανάμεσα σε δύο αδέλφια που ζουν στο Ηράκλειο Κρήτης ως γείτονες και έφτασαν στο σημείο να τσακωθούν και …,"Brothers sued each other over... African dust. There was chaos between two brothers who live in Heraklion, Crete as neighbors and they got to the point of fighting and...","Fratres inter se contenderunt super pulverem Africanum. Chaos erat inter duos fratres Heraklion habitantes, Cretam vicinos et usque ad dimicationem et...",https://e--thessalia-gr.cdn.ampproject.org/v/s/e-thessalia.gr/adelfia-allilominythikan-gia-tin-afrikaniki-skoni/amp/?amp_js_v=0.1&amp_gsa=1#webview=1,,,,,2026-04-07 07:42:14+00:00,usgs,Greece,MED,Europe
6df35f57aa3f86323bd6531ea15b74cb,2026-04-03 11:32:52,Precipitation,καταρρακτώδης βροχή ελλάδα,pelop-gr.cdn.ampproject.org,el,0.3,"Heraklion: Vor Gericht zwei Brüder für einen Kampf, der mit... afrikanischem Staub begann!. Zwei Brüder wurden vom Autoforous-Gericht von Heraklion mit Bewährungsstrafen bestraft, weil sie einen Streit begangen hatten, der aus trivialem Grund begonnen hatte",Ηράκλειο: Στα δικαστήρια δύο αδέλφια για καβγά που άρχισε από την.... αφρικανική σκόνη!,"Με ποινές φυλάκισης με αναστολή τιμωρήθηκαν από το Αυτόφωρο Δικαστήριο Ηρακλείου δύο αδέλφια, τα οποία για έναν καβγά που ξεκίνησε από ασήμαντη αφορμή","Heraklion: In the courts two brothers for a fight that started from.... African dust!. Two brothers were punished with suspended prison sentences by the Autoforous Court of Heraklion, who for a fight that started for a trivial reason","Heraklion: In atriis duorum fratrum pugnae quae incepit ex .... Africano pulvere!. Duo fratres sententiis carceris suspensis puniti sunt ab Curia Autoforous Heraklion, qui propter pugnam levi de causa incepit.",https://pelop-gr.cdn.ampproject.org/v/s/pelop.gr/irakleio-sta-dikastiria-dyo-adelfia-gia-kavga-pou-archise-apo-tin-afrikaniki-skoni/?amp=1&amp_js_v=0.1&amp_gsa=1#webview=1,,,,,2026-04-07 07:42:14+00:00,wmo,Greece,MED,Europe
0bca899022b80072b105526aa6dfa3c2,2026-04-03 17:15:00,Snow Avalanche,χιονοστιβάδα sør troms,www.parapolitika.gr,el,0.3,"Kreta: „Rezital“ zweier Brüder in Heraklion – Sie sprachen über den afrikanischen Staub. Das Gericht von Heraklion verhängte eine Gefängnisstrafe von 8 Monaten für den einen und 6 Monaten für den anderen gegen zwei Brüder, die sich anlässlich des ... afrikanischen Staubs gegenseitig verklagten und begannen, sich gegenseitig zu bedrohen.","Κρήτη: ""Ρεσιτάλ"" από δύο αδέρφια στο Ηράκλειο - Αλληλομηνύθηκαν για την αφρικανική σκόνη",Σε ποινή φυλάκισης 8 μηνών στον έναν και 6 μήνες στον άλλο επέβαλλε το αυτόφωρο δικαστήριο Ηρακλείου σε δύο αδέρφια που αλληλομηνύθηκαν με αφορμή την… αφρικανική σκόνη και άρχισαν να απειλούν ο ένας τον άλλο.,"Crete: ""Recital"" by two brothers in Heraklion - They talked about the African dust. In a prison sentence of 8 months for one and 6 months for the other, the court of Heraklion imposed on two brothers who sued each other on the occasion of... African dust and started threatening each other.","Creta: ""Recital"" a duobus fratribus in Heraklion - loquebantur de pulvere Africano. Sententia carceris per menses 8 per unum et 6 menses pro altero, curia Heraklion imposuit duobus fratribus, qui occasione pulveris Africani inter se contendebant et se invicem minabantur.",https://www.parapolitika.gr/ellada/article/1703618/irakleio-kritis-aderfia-allilominuthikan-me-aformi-tin-afrikaniki-skoni/,,,,,2026-04-07 07:42:14+00:00,wmo,Norway,NEU,Europe
92a63d731c2b979a3f4e77c89694a409,2026-04-03 10:00:02,Earthquake,σεισμός,www.newsbomb.gr,el,0.7,"Erdbeben der Stärke 3,9 in Thesprotia. Bei 5 Kilometern liegt die Schärfentiefe","Σεισμός 3,9R στη Θεσπρωτία",Στα 5 χιλιόμετρα το εστιακό βάθος,3.9R earthquake in Thesprotia. At 5 kilometers the focal depth,3.9R Terrae motus in Thesprotia. Ad 5 chiliometrorum arx profunditas,https://www.newsbomb.gr/ellada/seismoi/story/1726421/seismos-tora-sti-thesprotia,,,,,2026-04-07 07:42:14+00:00,random,,,
af3ef176dda2eb7d769027b137bb50b0,2026-04-01T04:10:34Z,Storm,καταιγίδα ελλάδα,www.protothema.gr,el,0.9,"Die (letzte Nacht) kleine Wiederauferstehung der Märkte, der Oster-Premiertag, weil jetzt alle Geld von den Märkten abziehen, bevor der Sturm kommt, kommt die Kreuzfahrt nach Griechenland. Prost, wir hatten gestern einen guten Lauf auf den Märkten, nachdem Pezeskian gestern Abend deeskalierende Bemerkungen gemacht hatte. Fragen Sie nicht, ob wir bei „pfui, wir sind fertig“ angelangt sind, aber das ist alles gut | Wirtschaft","Η (χθεσινοβραδινή) μικρή ανάσταση των αγορών, το πασχαλινό Μ.Μ, γιατί όλοι τώρα τραβάνε λεφτά από τις αγορές πριν την καταιγίδα, η κρουαζιέρα έρχεται Ελλάδα","Χαίρετε, χθες είχαμε ένα ωραίο παρτάκι στις αγορές μετά τις βραδινές δηλώσεις του Πεζεσκιάν περί αποκλιμάκωσης, μη ρωτάτε αν είμαστε στο «ουφ, τελειώσαμε», αλλά καλό είναι όλο αυτό | Οικονομία","The (last night) small resurrection of the markets, the Easter PM, because everyone is now pulling money from the markets before the storm, the cruise is coming to Greece. Cheers, we had a nice run in the markets yesterday after Pezeskian's de-escalation remarks last night, don't ask if we're at 'ugh, we're done', but that's all good | Economy","Parva resurrectio mercatus, paschalis PM, quia omnes nunc pecuniam e mercatis ante tempestatem trahunt, lecythus in Graeciam venit. Iubilate, iucunde in mercatu currite heri post Pezeskiani de-escalationis verba heri dicta, non rogamus an 'ugh, facti sumus', sed omne bonum | Oeconomia",https://www.protothema.gr/economy/article/1796948/hthesinovradini-mikri-anastasi-agoron-pashalino-mm-travane-lefta-apo-agores-prin-kataigida-krouaziera-erhetai-ellada/,https://www.protothema.gr/images/640x360share/jpg/files/2026-04-01/xrwma_dr_new.jpg,,", , , .. , . «, » ., . .., , SMS . , , 17 , « , ». .. , .
- mood, - - . .: 
- (CO), , - (ETS). , , . , , , , , , , , ETS, . , , . , , . ETS , . , , . , , . , - .
- , 1 100 , . . , . 11 .
- 12 12 … [+3198 chars]",,2026-04-07 07:42:14+00:00,wmo,Greece,MED,Europe
945b9b8332321d5aa73578026aa90f2e,2026-04-01T08:15:00Z,Thunderstorm,χαλάζι κρήτη,www.protothema.gr,el,0.9,"Rote Warnung auf Kreta für schlechtes Wetter Erminio – Stürme und Hagel treffen Heraklion, siehe Fotos und Videos. Hagel und ein starker Sturm „heimgesucht“ Gebiete von Heraklion seit dem frühen Morgen | Schlechtes Wetter Erminio | Wetter | Kreta | Griechenland","Κόκκινη προειδοποίηση στην Κρήτη για την κακοκαιρία Erminio - Καταιγίδες και χαλάζι έπληξαν το Ηράκλειο, δείτε φωτογραφίες και βίντεο",Χαλάζι και δυνατή καταιγίδα «χτύπησαν» περιοχές του Ηρακλείου από νωρίς το πρωί | Κακοκαιρία Erminio | Καιρός | Κρήτη | Ελλάδα,"Red warning in Crete for bad weather Erminio - Storms and hail hit Heraklion, see photos and videos. Hail and a strong storm ""hit"" areas of Heraklion since early morning | Bad weather Erminio | Weather | Crete | Greece","Rubrum monitum in Creta pro tempestatibus Erminio - Tempestates et grandines Heraklion feriunt, vide imagines et videos. Ave et valida tempestas ""hit"" areas Heraklionis ab primo mane | Tempestatibus Erminio | Tempestas | Creta | Graecia",https://www.protothema.gr/greece/article/1797077/kokkini-proeidopoiisi-stin-kriti-gia-tin-kakokairia-erminio-kataigides-kai-halazi-eplixan-to-irakleio/,https://www.protothema.gr/images/640x360share/jpg/files/2026-04-01/xalazoptosi_arthrou.jpg,,"To view this video please enable JavaScript, and consider upgrading to a
 web browser that supports HTML5 video",,2026-04-07 07:42:14+00:00,wmo,Greece,MED,Europe
3205bbc8865a183972325307656a4684,2026-04-02 00:00:00,Tsunami,τσουνάμι,www-in-gr.cdn.ampproject.org,el,0.9,"www-in-gr.cdn.ampproject.org/v/s/www.in.gr/2026/04/02/world/seismos-74-rixter-sygklonizei-tin-indonisia-kindynos-gia-tsounami/amp/?amp_js_v=0.1&_gsa=1#webview=1. Ein Erdbeben der Stärke 7,4 erschüttert die indonesische Küste mit Schwerpunkt im Molukkenmeer und es wurde eine Tsunami-Warnung ausgegeben.",www-in-gr.cdn.ampproject.org/v/s/www.in.gr/2026/04/02/world/seismos-74-rixter-sygklonizei-tin-indonisia-kindynos-gia-tsounami/amp/?amp_js_v=0.1&amp_gsa=1#webview=1,"Σεισμός 7,4 Ρίχτερ συγκλονίζει τις παράκτιες περιοχές της Ινδονησίας, με το επίκεντρό του να εντοπίζεται στη Θάλασσα των Μολούκων, ενώ εκδόθηκε προειδοποίηση για τσουνάμι.","www-in-gr.cdn.ampproject.org/v/s/www.in.gr/2026/04/02/world/seismos-74-rixter-sygklonizei-tin-indonisia-kindynos-gia-tsounami/amp/?amp_js_v=0.1&_gsa=1#webview=1. A 7.4-magnitude earthquake jolts coastal Indonesia, centered in the Moluccas Sea, and a tsunami warning has been issued.","www-in-gr.cdn.ampproject.org/v/s/www.in.gr/2026/04/02/world/seismos-74-rixter-sygklonizei-tin-indonisia-kindynos-gia-tsounami/amp/?amp_js_v=0.1&_gsa=1#webview=1. A 7.4-magnitudo terrae motus succorum Indonesia maritima, in Mare Moluccas sitas, et monitum tsunami divulgatum est.",https://www-in-gr.cdn.ampproject.org/v/s/www.in.gr/2026/04/02/world/seismos-74-rixter-sygklonizei-tin-indonisia-kindynos-gia-tsounami/amp/?amp_js_v=0.1&amp_gsa=1#webview=1,,,,,2026-04-07 07:42:14+00:00,random,,,
7e46562c39c35c9f212fab36fd466114,2026-04-02 02:16:09,Earthquake,σεισμός,www.businessdaily.gr,el,0.9,"Nach Angaben des USGS starkes Erdbeben der Stärke 7,8 auf der Richterskala in Indonesien. Nach Angaben des US Geological Survey (USGS) ereignete sich im Seegebiet vor Indonesien ein Erdbeben der Stärke 7,8 auf der Richterskala.","Ισχυρός σεισμός 7,8 Ρίχτερ στην Ινδονησία, σύμφωνα με το USGS","Σεισμός μεγέθους 7,8 Ρίχτερ σημειώθηκε στη θαλάσσια περιοχή ανοιχτά της Ινδονησίας, σύμφωνα με το αμερικανικό ινστιτούτο γεωλογικών ερευνών (USGS).","Strong earthquake of 7.8 on the Richter scale in Indonesia, according to the USGS. An earthquake measuring 7.8 on the Richter scale occurred in the sea area off Indonesia, according to the US Geological Survey (USGS).","Terrae motus validus 7.8 in scale Richter in Indonesia, secundum USGS. Terrae motus mensurae 7.8 in scala Richter facta in area maris Indonesiae, secundum Geological Survey US (USGS).",https://www.businessdaily.gr/diethni/198040_ishyros-seismos-78-rihter-anoihta-tis-indonisias-symfona-me-usgs,,,,,2026-04-07 07:42:14+00:00,random,,,
a3267db8708dfb0dd21a017a540bbacb,2026-04-02 02:19:20,Earthquake,σεισμός,www.iefimerida.gr,el,0.9,"Eine 70-jährige Frau starb in Indonesien an den Folgen des 7,4 Richters. Im Seegebiet vor Indonesien wurde ein sehr starkes Erdbeben der Stärke 7,4 registriert.","Μία 70χρονη νεκρή από τα 7,4 Ρίχτερ στην Ινδονησία","Πολύ ισχυρός σεισμός 7,4 Ρίχτερ καταγράφτηκε στον θαλάσσιο χώρο ανοικτά της Ινδονησίας.",A 70-year-old woman died from the 7.4 Richter in Indonesia. A very strong 7.4 magnitude earthquake was recorded in the sea area off Indonesia.,Femina LXX annorum mortua est a 7.4 Richter in Indonesia. Magnitudo terrae motus validissima 7.4 in area maris Indonesia scripta est.,https://www.iefimerida.gr/kosmos/poly-ishyros-seismos-74-rihter-stin-indonisia,,,,,2026-04-07 07:42:14+00:00,random,,,
9159b2138795984ac9060ab9e1093d8c,2026-04-02 05:13:00,Earthquake,σεισμός,www.vietnam.vn,el,0.9,"Bilder des Erdbebens und des Tsunamis in Indonesien. Ein starkes Erdbeben der Stärke 7,4 vor der Küste Indonesiens löste in der Region kleine Tsunamis aus und tötete mindestens eine Person.",Εικόνες από τον σεισμό και το τσουνάμι στην Ινδονησία.,"Ένας ισχυρός σεισμός μεγέθους 7,4 Ρίχτερ στα ανοικτά των ακτών της Ινδονησίας προκάλεσε μικρά τσουνάμι στην περιοχή και σκότωσε τουλάχιστον ένα άτομο.",Images of the earthquake and tsunami in Indonesia.. A powerful 7.4 magnitude earthquake off the coast of Indonesia triggered small tsunamis in the area and killed at least one person.,Imagines terrae motu et tsunami in Indonesia.,https://www.vietnam.vn/el/hinh-anh-ve-tran-dong-dat-gay-song-than-o-indonesia,,,,,2026-04-07 07:42:14+00:00,random,,,
8a50c70afd75aff8056f3110a8d79d3d,2026-04-04 00:00:00,Earthquake,σεισμός,www-in-gr.cdn.ampproject.org,el,0.9,"www-in-gr.cdn.ampproject.org/v/s/www.in.gr/2026/04/04/greece/seismos-tora-sti-thesprotia/amp/?amp_js_v=0.1&amp_gsa=1#webview=1. PerissoEs wird daran erinnert, dass es am 8. März in Leptokarya, Thesprotia, kurz danach ein Erdbeben der Stärke 5,3 Richter gab...",www-in-gr.cdn.ampproject.org/v/s/www.in.gr/2026/04/04/greece/seismos-tora-sti-thesprotia/amp/?amp_js_v=0.1&amp_gsa=1#webview=1,"ΠερισσόΥπενθυμίζεται ότι στις 8 Μαρτίου είχε σημειωθεί σεισμός 5,3 Ρίχτερ στην Λεπτοκαρυά Θεσπρωτίαςτερα σε λίγο…","www-in-gr.cdn.ampproject.org/v/s/www.in.gr/2026/04/04/greece/seismos-tora-sti-thesprotia/amp/?amp_js_v=0.1&_gsa=1#webview=1. PerissoIt is recalled that on March 8th there was a 5.3 Richter earthquake in Leptokarya, Thesprotia, shortly after...","www-in-gr.cdn.ampproject.org/v/s/www.in.gr/2026/04/04/greece/seismos-tora-sti-thesprotia/amp/?amp_js_v=0.1&amp_gsa=1#webview=1. PerissoIt memoratur die 8 Martii a 5.3 Richter terrae motus in Leptokarya, Thesprotia paulo post...",https://www-in-gr.cdn.ampproject.org/v/s/www.in.gr/2026/04/04/greece/seismos-tora-sti-thesprotia/amp/?amp_js_v=0.1&amp_gsa=1#webview=1,,,,,2026-04-07 07:42:14+00:00,random,,,
8d0d79ea43723f8b8fc97626560acf09,2026-04-02 07:00:28,Earthquake,σεισμός,www.kathimerini.gr,el,0.9,"Indonesien: Starkes Erdbeben der Stärke 7,6 – ein Toter. Eine Person kam ums Leben, als in Manado in der Provinz Nord-Kelevi ein Gebäude einstürzte.","Ινδονησία: Ισχυρότατος σεισμός μεγέθους 7,6 βαθμών – Ενας νεκρός","Ενας άνθρωπος έχασε τη ζωή του όταν κατέρρευσε κτίριο στη Μανάντο, στην επαρχία της Βόρειας Κελέβης.","Indonesia: Strong 7.6 magnitude earthquake - One dead. One person lost his life when a building collapsed in Manado, North Kelevi province.","Indonesia: Fortis 7.6 magnitudinis terrae motus - One dead. Unus homo vitam amisit cum aedificium in Manado, provinciae Kelevi septentrionalis.",https://www.kathimerini.gr/world/564155908/indonisia-ischyrotatos-seismos-megethoys-7-6-vathmon-enas-nekros/,,,,,2026-04-07 09:50:50+00:00,random,,,
f124dfe84716ac2b2bbd3a40a78415ce,2026-04-02T06:17:00Z,Precipitation,βροχόπτωση ελλάδα,www.protothema.gr,el,0.7,"Schlechtes Wetter: Platzregen auf Hydra nach starkem Regen, siehe Video. Der Regen letzte Nacht war besonders stark und mehrere Straßen waren mit Schlamm gefüllt | Schlechtes Wetter | Hydra | Regen | Griechenland","Κακοκαιρία: Νεροποντή στην Ύδρα μετά την έντονη βροχόπτωση, δείτε βίντεο",Η βροχή χθες βράδυ ήταν ιδιαίτερα έντονη και αρκετοί δρόμοι είχαν γεμίσει με λάσπες | Κακοκαιρία | Ύδρα | Βροχή | Ελλάδα,"Bad weather: Downpour in Hydra after heavy rain, see video. The rain last night was particularly intense and several roads were filled with mud | Bad weather | Hydra | Rain | Greece","Tempestates malae: Imber in Hydra post pluviam gravem, vide video. Imber noctis maxime intensus fuit et multae viae limo repletae sunt Bad weather | Hydra | Pluvia | Graecia",https://www.protothema.gr/greece/article/1797526/kakokairia-neropodi-stin-udra-meta-tin-edoni-vrohoptosi-deite-video/,https://www.protothema.gr/images/640x360share/2/jpg/files/2026-04-02/ydra-kakokairia-s.jpg,,"To view this video please enable JavaScript, and consider upgrading to a
 web browser that supports HTML5 video",,2026-04-07 14:16:49+00:00,wmo,Greece,MED,Europe
0563aa199a9251a8d170e520315dab35,2026-04-01T07:00:10Z,Thunderstorm,χαλάζι,www.newsit.gr,el,0.9,"Schlechtes Wetter Erminio – Tsatraphyllias: Attika ist wegen der starken Stürme in Alarmbereitschaft – „Innerhalb weniger Stunden wird es 3 Monate lang regnen“. Alarm heute (01.04.2026) in Attika und im Rest des Landes wegen des Vormarsches des schlechten Wetters Erminio. Es wird mit starken Regenfällen, Stürmen, orkanartigen Winden und Hagel gerechnet ... Der Artikel Schlechtes Wetter Erminio - Tsatraphyllias: Attika ist in Alarmbereitschaft von...",Κακοκαιρία Erminio – Τσατραφύλλιας: Σε συναγερμό η Αττική από τις ισχυρές καταιγίδες – «Μέσα σε λίγες ώρες θα πέσει βροχή 3 μηνών»,"Συναγερμός σήμερα (01.04.2026) στην Αττική αλλά και στην υπόλοιπη χώρα από την επέλαση της κακοκαιρίας Erminio. Ισχυρές βροχές, καταιγίδες, θυελλώδεις ανέμους και χαλάζι αναμένεται να ... 
To άρθρο Κακοκαιρία Erminio – Τσατραφύλλιας: Σε συναγερμό η Αττική από…","Bad weather Erminio - Tsatraphyllias: Attica is on alert due to the strong storms - ""Within a few hours 3 months of rain will fall"". Alarm today (01.04.2026) in Attica and in the rest of the country due to the advance of bad weather Erminio. Heavy rain, thunderstorms, gusty winds and hail are expected to ... 
The article Bad weather Erminio - Tsatraphyllias: Attica is on alert from...","Tempestatibus tempestatibus Erminio - Tsatraphyllias: Atticae ob vehementis procellas intenti sunt - ""Intra paucas horas III menses pluviae cadent"". Terror hodie (01.04.2026) in Attica et in reliqua regione tempestatibus progressus ob tempestatem Erminio fuit. Imber gravis, tonitruum, procellosos ventos et grando exspectantur... 
Articulus Tempestatibus Erminio - Tsatraphyllias: Atticae erectus e...",https://www.newsit.gr/ellada/kakokairia-erminio-tsatrafyllias-se-synagermo-i-attiki-apo-tis-isxyres-kataigides-mesa-se-liges-ores-tha-pesei-vroxi-3-minon/4640202/,https://www.newsit.gr/wp-content/uploads/2026/04/vroxi-plimmira-eurok-1200x630.jpg,,"(01.04.2026) Erminio. , , .
 «» , . , 14:00 . , 3 .
 , «» : , , , , . .
 :
 .
 , 12:00 .
 , , , , , , , , – .
 11 .
 :
 .
Red Code 7 : , , , , , ..
To 
 . 4 30-03-26 12:15 , . .
 , 01-04… [+731 chars]",,2026-04-07 21:31:08+00:00,random,,,
97e4a50e48b47ff6425545f675387acb,2026-04-01T12:13:11Z,Thunderstorm,χαλάζι αττική,www.naftemporiki.gr,el,0.9,"Schwerer Wolkenschleier in Attika, Hagel und rote Landschaft durch afrikanischen Staub auf Kreta (Video). Zu dieser Zeit herrscht in ganz Attika eine intensive Bewölkung, und während fast im gesamten Becken der Alarm 112 mit der Empfehlung ausgesprochen wurde, die Bewegungen auf das absolut Notwendige zu beschränken, ... Schwerer Wolkenschleier in Attika, Hagel und rote Landschaft aufgrund Afrikas ...","Βαρύ πέπλο από σύννεφα στην Αττική, χαλάζι και κόκκινο τοπίο λόγω αφρικανικής σκόνης στην Κρήτη (video)","Έντονη νέφωση αυτήν την ώρα σε ολόκληρη την Αττική, και ενώ στο σύνολο σχεδόν του λεκανοπεδίου έχει ηχήσει το 112 με σύσταση για περιορισμό των μετακινήσεων στις απολύτως απαραίτητες από…
Βαρύ πέπλο από σύννεφα στην Αττική, χαλάζι και κόκκινο τοπίο λόγω αφρικ…","Heavy veil of clouds in Attica, hail and red landscape due to African dust in Crete (video). Intense cloudiness at this time in the whole of Attica, and while almost the entire basin has sounded 112 with a recommendation to limit movements to the absolutely necessary from...
Heavy veil of clouds in Attica, hail and red landscape due to African…","Gravis velum nubium in Attica, grando et rubicundum ob pulverem Africanum in Creta (video). Nubes vehemens hoc tempore in tota Attica, ac pene totum pelvem insonuit, cum commendatione finiendae motus ad omnia necessaria, ex... Gravis velum nubium in Attica, grando et rubicunda ex Africa.",https://www.naftemporiki.gr/society/2092909/vary-peplo-apo-synnefa-stin-attiki-chalazi-kai-kokkino-topio-logo-afrikanikis-skonis-stin-kriti-video/,https://www.naftemporiki.gr/wp-content/uploads/2026/04/vroxi-athina.jpg,,,,2026-04-07 21:31:08+00:00,wmo,Greece,MED,Europe
199c5a4bbaa3d55601c2b986a109a8d2,2026-04-01T17:55:02Z,Earthquake,σεισμός Κύθηρα,www.protothema.gr,el,0.7,"Erdbeben der Stärke 4,5 vor Kreta. Das Epizentrum lag südwestlich von Kythira, in einem Meeresgebiet – bei etwa 65 km lag die Fokustiefe | Erdbeben | Kreta | Kythera | Griechenland","Σεισμός 4,5 Ρίχτερ ανοικτά της Κρήτης","Το επίκεντρο εντοπίστηκε νοτιοδυτικά των Κυθήρων, σε θαλάσσια περιοχή – Στα περίπου 65 χλμ. το εστιακό βάθος | Σεισμός | Κρήτη | Κύθηρα | Ελλάδα","4.5 Richter earthquake off Crete. The epicenter was located southwest of Kythira, in a marine area – At approximately 65 km the focal depth | Earthquake | Crete | Kythera | Greece",4.5 Turnebus terrae motu Cretae. Epicenter inter meridiem et occidentem sita erat Kythira in area marina – Altitudo arx circiter 65 km | Terrae motus | Creta | Kythera | Graecia,https://www.protothema.gr/greece/article/1797397/seismos-45-rihter-anoikta-tis-kritis/,https://www.protothema.gr/images/640x360share/2/jpg/files/2026-04-01/seismos_kriti_xr.jpg,,"To view this video please enable JavaScript, and consider upgrading to a
 web browser that supports HTML5 video",,2026-04-08 06:12:01+00:00,usgs,Greece,MED,Europe
255c7d44b4400a58875219b75e9c6a76,2026-04-01T17:52:00Z,Storm,κύμα καταιγίδας,dialogos.com.cy,el,0.9,"Kreta wurde aufgrund des afrikanischen Staubes orange „gestrichen“. Ein beispielloses Phänomen erfasst Kreta: Eine mächtige Welle afrikanischen Staubs verwandelt die Insel in eine jenseitige Landschaft, die sowohl an die Sahara als auch an den Planeten Mars erinnert. Im Zentrum dieses „orangefarbenen Sturms“ liegt Heraklion, wo die Po...",«Βάφτηκε» πορτοκαλί η Κρήτη λόγω αφρικανικής σκόνης,"Ένα πρωτόγνωρο φαινόμενο καλύπτει την Κρήτη, καθώς ένα ισχυρό κύμα αφρικανικής σκόνης μετατρέπει το νησί σε ένα απόκοσμο τοπίο, που θυμίζει τόσο τη Σαχάρα όσο και τον πλανήτη Άρη. Στο επίκεντρο αυτής της «πορτοκαλί καταιγίδας» βρίσκεται το Ηράκλειο, όπου η πό…","Crete was ""painted"" orange due to African dust. An unprecedented phenomenon covers Crete, as a powerful wave of African dust turns the island into an otherworldly landscape, reminiscent of both the Sahara and the planet Mars. At the center of this ""orange storm"" is Heraklion, where the po...","Creta ""pingitur"" aurantiaco ob pulverem Africanum. Inauditum phaenomenon Cretam operit, sicut vehemens pulveris Africani unda insulam in campum terrestrem vertit, tam Saharae quam Martis planetae simile. In medio huius ""tempestatis aurantiorum"" Heraklion est, ubi po...",https://dialogos.com.cy/vaftike-portokali-i-kriti-logo-afrikanikis-skonis/,https://dialogos.com.cy/wp-content/uploads/2026/04/image-4-1024x683.png,,"© Dialogos Media Group - , , , / , , , , ( ) , , , , , .",,2026-04-08 14:18:47+00:00,random,,,
9903854cd8f3687756bfb40e15a3d9a2,2026-04-02T17:58:39Z,Storm,χαμός,www.newsit.gr,el,0.7,"Hapoel Tel Aviv – Panathinaikos: Zerstörung durch 6.000 grüne Fans in Sofia. Es war, als würde Panathinaikos im Auswärtsspiel gegen Hapoel Tel Aviv am 35. Spieltag der Euroleague zu Hause spielen. Fans... 
Der Artikel Hapoel Tel Aviv – Panathinaikos: Zerstörung durch 6.000 grüne Fans in Sofia wurde in NewsIT veröffentlicht.",Χάποελ Τελ Αβίβ – Παναθηναϊκός: Χαμός από 6.000 πράσινους οπαδούς στη Σόφια,"Σαν να παίζει στο σπίτι του ήταν ο Παναθηναϊκός στο εκτός έδρας παιχνίδι με τη Χάποελ Τελ Αβίβ για την 35η αγωνιστική της Euroleague. Οπαδοί ... 
To άρθρο Χάποελ Τελ Αβίβ – Παναθηναϊκός: Χαμός από 6.000 πράσινους οπαδούς στη Σόφια δημοσιεύτηκε στο NewsIT .","Hapoel Tel Aviv – Panathinaikos: Destruction by 6,000 green fans in Sofia. It was as if Panathinaikos was playing at home in the away game against Hapoel Tel Aviv for the 35th matchday of the Euroleague. Fans ... The article Hapoel Tel Aviv – Panathinaikos: Destruction by 6,000 green fans in Sofia was published in NewsIT.","Hapoel Tel Aviv – Panathinaikos: Contritio a 6.000 viridis fans in Sofia. Tamquam si Panathinaikos domi in ludo abeunte contra Hapoel Tel Aviv luderet pro 35 gradu Europaei. Aliquam nisl... 
Articulus Hapoel Tel Aviv – Panathinaikos: Destructio per 6.000 viridium fanorum in Sofia in NewsIT divulgata est.",https://www.newsit.gr/athlitika/xapoel-tel-aviv-panathinaikos-xamos-apo-6-000-prasinous-opadous-sti-sofia/4641816/,https://www.newsit.gr/wp-content/uploads/2026/04/pao-kosmos-1200x630.jpg,,"35 Euroleague.
 Sofia Arena Telekom Center.
 6.000 , .
EUROKINISSI
EUROKINISSI
EUROKINISSI
Euroleague.",,2026-04-08 21:30:45+00:00,random,,,
af13165b67602ff4af286cc2458a99ca,2026-04-02T19:18:32Z,Storm,χαμός,www.newsit.gr,el,0.7,Chaos bei Red Star – Partizan: Schwerwiegende Vorfälle in der Beogradska Arena. Beim Derby zwischen Roter Stern und Partizan am 35. Spieltag der Euroleague mangelte es nicht an Episoden. Vor dem Trubel des serbischen Bürgerkriegs ... Der Artikel Red Star Destruction – Partizan: Schwerwiegende Zwischenfälle in der Beogradska Arena wurde veröffentlicht am…,Χαμός στο Ερυθρός Αστέρας – Παρτιζάν: Σοβαρά επεισόδια στη Μπεογκράτσκα Αρένα,"Τα επεισόδια δεν έλειψαν από το ντέρμπι του Ερυθρού Αστέρα με την Παρτιζάν για την 35η αγωνιστική της Euroleague. Πριν το τζάμπολ του σερβικού εμφυλίου ... 
To άρθρο Χαμός στο Ερυθρός Αστέρας – Παρτιζάν: Σοβαρά επεισόδια στη Μπεογκράτσκα Αρένα δημοσιεύτηκε στ…","Mayhem at Red Star – Partizan: Serious incidents at Beogradska Arena. The episodes were not lacking from the derby between Red Star and Partizan for the 35th matchday of the Euroleague. Before the jambol of the Serbian civil war... 
The article Red Star Destruction – Partizan: Serious incidents at the Beogradska Arena was published on…",Mayhem in Rubrum stella - Partizan: Gravia incident in Beogradska Arena. episodia non defuerunt e Derbiae inter Rubrum stellam et Partizan pro 35 parem diem Europaei. Ante jambolum belli civilis Serbici ... Articulus Destructio stellata rubra – Partizan: Gravis eventus in Beogradska Arena in ... divulgatus est.,https://www.newsit.gr/athlitika/xamos-sto-erythros-asteras-partizan-sovara-epeisodia-sti-mpeogkratska-arena/4641860/,https://www.newsit.gr/wp-content/uploads/2026/04/erithros-asteras-1200x630.jpg,,"35 Euroleague. Euroleague, . , , . , .",,2026-04-08 21:30:45+00:00,random,,,
fc59bcb27b9cf262045ab2aff35bb81d,2026-04-03T05:38:45Z,Storm,χαμός,www.skai.gr,el,0.7,"Schande über David Duchovny: Der kühne Look, der „viral“ ging (Video). Der Schauspieler hat durch die legendäre Serie „Akte X“, in der er den Agenten Fox Mulder spielte, seine eigenen Spuren im Fernsehen hinterlassen",Χαμός με τον Ντέιβιντ Ντουκόβνι: Η τολμηρή εμφάνιση που έγινε «viral» (video),"Ο ηθοποιός έχει αφήσει το δικό του «στίγμα» στην τηλεόραση μέσα από τη θρυλική σειρά «The X-Files», όπου υποδύθηκε τον πράκτορα Fox Mulder","Shame on David Duchovny: The bold look that went ""viral"" (video). The actor has left his own ""mark"" on television through the legendary series ""The X-Files"", where he played agent Fox Mulder","Pudeat David Duchovny: Audaces vultus qui ""virales"" (video). Actor suum ""signum"" in televisione per seriem fabulosa ""X-Filia"" reliquit, ubi agens Fox Mulder egit.",https://www.skai.gr/news/life-style-wellness/xamos-me-ton-nteivint-ntoukovni-i-tolmiri-emfanisi-pou-egine-viral,https://www.skai.gr/sites/default/files/styles/article_16_9/public/2026-04/david_duchovny.jpg?itok=3MGAuONs,,", drag .
 65 «Soapbox» , . , , , , . Laverne Cox, , .
 drag , . drag , . «Soapbox», , « ». Andrew Jay Cohen, Max Barbakow.
David Duchovny shocks with drag makeover as he dons blond wig and racy ne… [+296 chars]",,2026-04-08 21:30:45+00:00,random,,,
38738890af5562b5464b499cafb1ffac,2026-04-07T09:21:10Z,Storm,χαμός,www.newsit.gr,el,0.7,"Aris Kavatzikis für Ioanna Tounis: „Was sie tut, überschreitet gewisse Grenzen“. Heute Morgen (07.04.) herrschte Chaos in der Sendung von „Buongiorno“, als die Kompanie der Sendung alles kommentierte, was Ioanna Tunis letzten Samstag widerfahren war ... 
Der Artikel von Aris Kavatzikis über Ioanna Tounis: „Was sie tut, überschreitet bestimmte Grenzen“ wurde in... veröffentlicht.","Άρης Καβατζίκης για Ιωάννα Τούνη: «Αυτό που κάνει, ξεπερνάει κάποια όρια»","Χαμός έγινε σήμερα το πρωί (07.04) στον αέρα του «Buongiorno», όταν η παρέα της εκπομπής σχολίαζε όλα όσα συνέβησαν στην Ιωάννα Τούνη το περασμένο Σάββατο ... 
To άρθρο Άρης Καβατζίκης για Ιωάννα Τούνη: «Αυτό που κάνει, ξεπερνάει κάποια όρια» δημοσιεύτηκε στο…","Aris Kavatzikis for Ioanna Tounis: ""What she does exceeds certain limits"". There was chaos this morning (04.07) on the air of ""Buongiorno"", when the company of the show was commenting on everything that happened to Ioanna Tounis last Saturday ... Aris Kavatzikis' article about Ioanna Tounis: ""What she does, exceeds certain limits"" was published on...","Aris Kavatzikis pro Ioanna Tounis: ""Quod certos limites facit"". Hoc chaos mane (04.07) in aere ""Buongiorno"" factum est, cum spectaculorum societas omnia explanabat quae Ioanna Tounis proximo Sabbato contigerunt... Aris Kavatzikis articulus de Ioanna Tounis: ""Quod facit, certos limites excedit"", editum est.",https://www.newsit.gr/lifestyle/aris-kavatzikis-gia-ioanna-touni-ayto-pou-kanei-ksepernaei-kapoia-oria/4645024/,https://www.newsit.gr/wp-content/uploads/2026/04/kavatzikis-ndpphoto-petros-nikolareas-1200x630.jpg,,"(07.04) «Buongiorno», , . influencer , .
 « , . .
 , , . , .
 ! . , , ;», .
 : « . , . ».",,2026-04-08 21:30:45+00:00,random,,,
80355dd781ea796adb0180ab68e4f73b,2026-04-02T13:44:06Z,Storm,χαμός,www.newsit.gr,el,0.9,"Bartzokas: Nach den Spielen mit Panathinaikos herrscht immer Chaos. Giorgos Bartzokas sprach über das Spiel zwischen Olympiakos und Villerban in Frankreich am 35. Spieltag der Euroleague. Freitagabend (21:00, ...) 
Der Artikel Bartzokas: Nach den Spielen mit Panathinaikos herrscht immer Chaos wurde in... veröffentlicht.",Μπαρτζώκας: Πάντα γίνεται χαμός μετά τα παιχνίδια με τον Παναθηναϊκό,"Ο Γιώργος Μπαρτζώκας μίλησε για την αναμέτρηση του Ολυμπιακού με τη Βιλερμπάν στη Γαλλία για την 35η αγωνιστική της Euroleague. Το βράδυ της Παρασκευής (21:00, ... 
To άρθρο Μπαρτζώκας: Πάντα γίνεται χαμός μετά τα παιχνίδια με τον Παναθηναϊκό δημοσιεύτηκε στο…","Bartzokas: There is always chaos after the games with Panathinaikos. Giorgos Bartzokas spoke about the match between Olympiakos and Villerban in France for the 35th matchday of the Euroleague. Friday night (21:00, ... 
The article Bartzokas: There is always chaos after the games with Panathinaikos was published in...","Bartzokas: Semper est chaos post ludos cum Panathinaikos. Giorgos Bartzokas locutus est de congressione inter Olympiakos et Villerbanum in Gallia pro XXXV nuptiis Europaei. Nocte Diei Veneris (21:00, ... Articulus Bartzokas: Semper chaos post ludos cum Panathinaikos editus est...",https://www.newsit.gr/athlitika/mpartzokas-panta-ginetai-xamos-meta-ta-paixnidia-me-ton-panathinaiko/4641633/,https://www.newsit.gr/wp-content/uploads/2026/04/bartzokas-1-1200x630.jpg,,"35 Euroleague.
 (21:00, 3/4/2026, Novasports Prime), , .
 , .
: 4 . EuroLeague .
: . , , , . , , , .
: . 300 . 2,20 , . , , , .
 : . , EuroLeague . , rotation . rotation , , .
: , , . , , , .",,2026-04-08 21:30:45+00:00,random,,,
6321d271cf534053d8f3e7b6bd60ad67,2026-04-03T14:10:54Z,Storm,χαμός,www.newsit.gr,el,0.9,"Angelina Jolie in Shanghai „nicht wiederzuerkennen“: Extreme Verschwörungstheorien zu Rettung und Zerstörung in den sozialen Medien. Angelina Jolies jüngster Auftritt auf der Shanghai Fashion Week hat Gegenreaktionen und sogar extreme Verschwörungstheorien ausgelöst, wobei einige Fans sogar so weit gingen, ... 
Der Artikel Angelina Jolie in Shanghai „nicht wiederzuerkennen“: Extreme Verschwörungstheorien...",Η Αντζελίνα Τζολί «αγνώριστη» στη Σανγκάη: Ακραίες θεωρίες συνωμοσίας για σωσία και χαμός στα social media,"Αντιδράσεις μέχρι και ακραίες θεωρίες συνωμοσίας προκάλεσε η πρόσφατη εμφάνιση της Αντζελίνα Τζολί στην εβδομάδας μόδας στη Σανγκάη, με ορισμένους θαυμαστές να φτάνουν στο σημείο ... 
To άρθρο Η Αντζελίνα Τζολί «αγνώριστη» στη Σανγκάη: Ακραίες θεωρίες συνωμοσ…","Angelina Jolie ""unrecognizable"" in Shanghai: Extreme conspiracy theories for salvation and destruction on social media. Angelina Jolie's recent appearance at Shanghai Fashion Week has sparked backlash and even extreme conspiracy theories, with some fans going so far as to ... 
The article Angelina Jolie ""unrecognizable"" in Shanghai: Extreme conspiracy theories...","Angelina Jolia ""incomprehensibilis"" in Shanghai: Extrema conjuratio theoremata salutis et interitus in instrumentis socialibus. Angelina Jolia recentis species apud Shanghai Fashion Hebdomadae backlash commovit et etiam extremae coniurationis theorias, cum nonnullis alits usque ad ... 
Articulus Angelina Jolia ""incomprehensibilis"" in Shanghai: extrema coniuratio theoriis...",https://www.newsit.gr/lifestyle/i-antzelina-tzoli-agnoristi-sti-sangkai-akraies-theories-synomosias-gia-sosia-kai-xamos-sta-social-media/4642480/,https://www.newsit.gr/wp-content/uploads/2026/04/jolie-1200x630.jpg,,", .
 50 , , Tom Ford. , social media.
 , , .
 , .
« !» , « » « ». « », « , ». , , .
 / Credit line: TK / imago stock&amp;people / IMAGO
, , . « », , .
 , , . , TIME France, .
« », , .
 2016,… [+11 chars]",,2026-04-08 21:30:45+00:00,random,,,
2024e2322700ba8d5b5b19eceeeed626,2026-04-01T08:48:53Z,Thunderstorm,χαλαζόπτωση,www.newsit.gr,el,0.9,"Schlechtes Wetter Erminio: Starker Hagel und starke Stürme in Heraklion. Kreta wurde seit den frühen Morgenstunden vom schweren Unwetter Erminio mit Hagel und starkem Regen heimgesucht, bisher ohne ernsthafte Probleme. ... Der Artikel Schlechtes Wetter Erminio: Starker Hagel und starke Stürme in Heraklion wurde veröffentlicht in...",Κακοκαιρία Erminio: Σφοδρή χαλαζόπτωση και ισχυρές καταιγίδες στο Ηράκλειο,"Η Κρήτη πλήττεται από την έντονη κακοκαιρία Erminio με με χαλάζι και δυνατές βροχές από τις πρώτες ώρες της ημέρας, χωρίς μέχρι στιγμής σοβαρά προβλήματα. ... 
To άρθρο Κακοκαιρία Erminio: Σφοδρή χαλαζόπτωση και ισχυρές καταιγίδες στο Ηράκλειο δημοσιεύτηκε στ…","Bad weather Erminio: Heavy hail and strong storms in Heraklion. Crete has been affected by severe bad weather Erminio with hail and heavy rain since the early hours of the day, without serious problems so far. ... The article Bad weather Erminio: Heavy hail and strong storms in Heraklion was published in...","Tempestatibus Erminio: Grando gravis et validae procellae in Heraklion. Creta gravibus tempestatibus Erminio cum grandine et pluvia gravi affectus est cum primis horis diei sine gravibus quaestionibus tantum abest. ... 
Articulus tempestatis Erminio: Grando gravis et validae procellae in Heraklion divulgata est.",https://www.newsit.gr/ellada/kakokairia-erminio-sfodri-xalazoptosi-kai-isxyres-kataigides-sto-irakleio/4640336/,https://www.newsit.gr/wp-content/uploads/2026/04/kriti-erminio-neakriti-1200x630.jpg,,"11:48
1 2026
Erminio , . . , .
 , , . «»  ,       6:30 .
 , , , .
 , , .
 / neakriti
«» , , . , , , .
11:49 
 01.04.26
11:31 
 01.04.26
 15 2026 vouchers.gov.gr , , 
11:11 
 01.04.26
1… [+15 chars]",,2026-04-12 09:32:51+00:00,random,,,
5552c84bddb3c6f315bb267126b57c5e,2026-04-02T16:00:00Z,Thunderstorm,χαλάζι,www.newsit.gr,el,0.9,"Wetter morgen: Starker Regen und Hagel im ganzen Land – Böiger Wind mit bis zu 8 Beaufort in der Ägäis und auf Kreta. Das Wetter bleibt morgen Freitag (03.04.2026) weiterhin regnerisch, im größten Teil des Landes kommt es zu Stürmen und starken Winden bis zu 8 ... 
Der Artikel Wetter morgen: Starker Regen und Hagel im ganzen Land – Böige Winde bis zu 8 m…",Καιρός αύριο: Ισχυρές βροχές και χαλάζι σε όλη την χώρα – Θυελλώδεις άνεμοι έως 8 μποφόρ σε Αιγαίο και Κρήτη,"Βροχερός θα συνεχίζει να είναι ο καιρός και αύριο Παρασκευή (03.04.2026), με καταιγίδες να σημειώνονται στο μεγαλύτερο μέρος της χώρας και ισχυρούς ανέμους έως 8 ... 
To άρθρο Καιρός αύριο: Ισχυρές βροχές και χαλάζι σε όλη την χώρα – Θυελλώδεις άνεμοι έως 8 μ…","Weather tomorrow: Heavy rain and hail across the country – Gusty winds up to 8 Beaufort in the Aegean and Crete. The weather will continue to be rainy tomorrow Friday (03.04.2026), with storms occurring in most of the country and strong winds up to 8 ... 
The article Weather tomorrow: Heavy rain and hail across the country – Gusty winds up to 8 m…","Tempestas cras: Imber gravis et grando per patriam – Venti Impetus usque ad 8 Beaufort in Aegaeo et Creta. Tempestas crastina die Veneris (03.04.2026) futurum est, cum procellis occurrentibus in maxima regione et ventis validis usque ad VIII... 
Articulus Tempestatis crastinus: Imber gravis et grando per regionem – Venti Impatientes usque ad 8 m…",https://www.newsit.gr/ellada/kairos-ayrio-isxyres-vroxes-kai-xalazi-se-oli-tin-xora-thyellodeis-anemoi-eos-8-mpofor-se-aigaio-kai-kriti/4641607/,https://www.newsit.gr/wp-content/uploads/2026/04/kairos-3-1200x630.jpg,,"(03.04.2026), 8 .
 , , , , . – .
 :
<ol><li>  </li><li> ( ) </li><li></li><li> .</li></ol> . .
 , 5 7 8 . 3 5 .
 15 17 18 .
, : . . . .: 3 4 . 4 6 , .: 06 16 17 . 3 4 .
 , , , : . , , ..: 5 7 … [+175 chars]",,2026-04-12 09:32:51+00:00,random,,,
c9c8d85a69bc868729bbad8269bc7f78,2026-04-09T11:53:00Z,Precipitation,καταιγίδα,www.protothema.gr,el,0.9,"Beeindruckende NASA-Satellitenbilder der verschneiten patagonischen Wüste. Die Landschaft in den Ebenen im Süden Argentiniens erscheint oft trocken, doch ein Sturm Anfang April bedeckte weite Landstriche mit Schnee | Argentinien | Schnee | Patagonien | NASA | Wüste | Welt",Εντυπωσιακές εικόνες από δορυφόρο της NASA με τη χιονισμένη έρημο της Παταγονίας,"Το τοπίο στις πεδιάδες της νότιας Αργεντινής εμφανίζεται συχνά ξηρό, αλλά μια καταιγίδα στις αρχές Απριλίου κάλυψε μεγάλες εκτάσεις γης με χιόνι | Αργεντινή | Χιόνι | Παταγονία | NASA | Έρημος | Κόσμος","Impressive NASA satellite images of the snowy Patagonian desert. The landscape on the plains of southern Argentina often appears dry, but an early April storm covered large swathes of land in snow | Argentina | Snow | Patagonia | NASA | Desert | World","NASA magni ponderis satellite imagines deserti nivis Patagonian. Orbis Terrarum in campis Argentinae meridionalis saepe siccus apparet, sed tempestas matutina Aprilis magnis fasciculis terrae nivis obtecta est | Argentina | Nives | Patagonia | NASA | Desert | Mundus",https://www.protothema.gr/world/article/1801125/eduposiaki-eikona-apo-doruforo-tis-nasa-me-ti-hionismeni-erimo-tis-patagonias/,https://www.protothema.gr/images/640x360share/jpg/files/2026-04-09/xioni-erimos.jpg,,"one-stop , . , online supermarket , .",,2026-04-12 17:22:05+00:00,random,,,
a718c456b2e9ba0a07679dc238b09077,2026-04-08T12:31:41Z,Volcano,ηφαίστειο,www.protothema.gr,el,0.9,"1000 Jahre lang aßen die Menschen an derselben Stelle: Und so entstand eine ganze Insel. Auf Fidschi gibt es eine kleine Insel, die nicht durch einen Vulkan oder Sand entstanden ist, sondern durch jahrhundertelange wiederholte menschliche Eingriffe, die die Natur still und leise verändert haben | Das Beste aus dem Netzwerk",1.000 χρόνια οι άνθρωποι έτρωγαν στο ίδιο σημείο: Και κάπως έτσι δημιουργήθηκε ένα ολόκληρο νησί,"Στα Φίτζι υπάρχει ένα μικρό νησί που δεν δημιουργήθηκε από ηφαίστειο ή άμμο, αλλά από αιώνες επαναλαμβανόμενων ανθρώπινων πράξεων που άλλαξαν αθόρυβα τη φύση | Best of network","For 1,000 years people ate in the same spot: And that's how an entire island was created. In Fiji there is a small island that was not created by a volcano or sand, but by centuries of repeated human actions that quietly changed nature | Best of network","Nam 1,000 annos homines eodem in loco edebant: Sic tota insula creata est. In Fiji parva insula est quae a vulcano vel arena creata non est, sed per saecula crebris actionibus humanis quae naturam quiete mutaverunt | Optimus retis",https://www.protothema.gr/best-of-network/article/1800537/1000-hronia-oi-anthropoi-etrogan-sto-idio-simeio-kai-kapos-etsi-dimiourgithike-ena-olokliro-nisi/,https://www.protothema.gr/images/640x360share/jpg/files/2026-04-08/arthrou-fiji.jpg,,"To Vanua Levu . , « ». , . , , , ., . , , . , . , .
: https://www.gazzetta.gr",,2026-04-13 07:04:32+00:00,random,,,
efc9b041120d8c2712900c4228cc2645,2026-04-10T12:08:32Z,Volcano,ηφαίστειο,dialogos.com.cy,el,0.9,"Hawaii: Vulkan Kilauea bricht erneut aus – Lava speit 190 Meter hoch. Beeindruckende Bilder wurden auf Hawaii aufgenommen, wo der Vulkan Kilauea nach Angaben des United States Geological Survey (USGS), der seine Aktivität genau überwacht, Lava in große Höhen spuckte. Nach Angaben des USGS begann das Lavaspucken am 1…",Χαβάη: Νέα έκρηξη του ηφαιστείου Κιλαουέα – Λάβα εκτοξεύτηκε σε ύψος 190 μέτρων,"Εντυπωσιακές εικόνες καταγράφηκαν στη Χαβάη, όπου το ηφαίστειο Κιλαουέα εκτόξευσε λάβα σε μεγάλα ύψη, σύμφωνα με το United States Geological Survey (USGS), το οποίο παρακολουθεί στενά τη δραστηριότητα του. Σύμφωνα με το USGS, η εκτόξευση λάβας ξεκίνησε στις 1…","Hawaii: Kilauea volcano erupts again - Lava spews 190 meters high. Impressive images were captured in Hawaii, where the Kilauea volcano spewed lava at great heights, according to the United States Geological Survey (USGS), which is closely monitoring its activity. According to the USGS, the lava spewing began on 1…","Hawaii: Kilauea vulcano denuo erumpit - Lava vomit 190 metra alta. Imagines impressivae in Hawaii captae sunt, ubi Kilauea vulcano lavam in magna altitudine evomuit, secundum in Civitatibus Foederatis Americae Geological Survey (USGS), quae vigilantia eius actionis est arcte. Secundum USGS, lava vomitus incepit in 1…",https://dialogos.com.cy/chavai-nea-ekrixi-toy-ifaisteioy-kilaoyea-lava-ektoxeytike-se-ypsos-190-metron/,https://dialogos.com.cy/wp-content/uploads/2026/04/volcano-640x426-1.webp,,"© Dialogos Media Group - , , , / , , , , ( ) , , , , , .",,2026-04-13 07:04:32+00:00,random,,,
234b11117694a5e7397fff9eb432518b,2026-04-05T21:08:44Z,Snow Avalanche,χιονοστιβάδα,www.newsit.gr,el,0.7,"Theofilos Leontaridis für OPEKEPE: Ich selbst beantrage die Aufhebung meiner parlamentarischen Immunität. Die Ankündigungen von Abgeordneten der Neuen Demokratie und ehemaligen Ministern der Regierung, die vor dem Hintergrund der massiven ... die Aufhebung ihrer parlamentarischen Immunität fordern ... 
Artikel von Theofilos Leontaridis für OPEKEPE: Ich selbst beantrage die Aufhebung der parlamentarischen Immunität mit...",Θεόφιλος Λεονταρίδης για ΟΠΕΚΕΠΕ: Ζητώ ο ίδιος να αρθεί η βουλευτική ασυλία μου,"«Χιονοστιβάδα» οι ανακοινώσεις βουλευτών της Νέας Δημοκρατίας και πρώην υπουργών της κυβέρνησης, οι οποίοι ζητούν να αρθεί η βουλευτική ασυλία τους με φόντο την ογκώδη ... 
To άρθρο Θεόφιλος Λεονταρίδης για ΟΠΕΚΕΠΕ: Ζητώ ο ίδιος να αρθεί η βουλευτική ασυλία μ…","Theofilos Leontaridis for OPEKEPE: I myself request that my parliamentary immunity be lifted. ""An avalanche"" of the announcements of New Democracy MPs and former government ministers, who are asking for their parliamentary immunity to be lifted against the backdrop of the massive ... Theophilos Leontaridis article for OPEKEPE: I myself am asking for parliamentary immunity to be lifted with...","Theofilos Leontaridis pro OPEKEPE: Ipse peto ut parlamentaria mea immunitas tollatur. Annuntiationes Novae Democratiae MPs et ministrorum regiminis pristini, qui rogant immunitatem parlamentariam suam levari in curriculo ingentes... 
Theofilos Leontaridis articulus pro OPEKEPE: Ipse peto ut parlamentaria immunitas cum elevetur...",https://www.newsit.gr/politikh/theofilos-leontaridis-gia-opekepe-zito-o-idios-na-arthei-i-vouleytiki-asylia-mou/4643985/,https://www.newsit.gr/wp-content/uploads/2026/04/theofilos-leontaridis-1200x630.jpg,,"«» , .
 , , , , (05.04.2026) Facebook, .
 , , 2021.
 :
« , .
 , , , , .
 , , , , .
 , , .
 , . , , , .
 , , , .
 , , , .
, , , . .
 , , , .
 .
 .
  , , », «» .",,2026-04-13 10:23:57+00:00,random,,,
6aa4e54eac1fbce4ee53ff9836e1e9f0,2026-04-06T08:03:09Z,Snow Avalanche,χιονοστιβάδα,www.naftemporiki.gr,el,0.9,"K. Mitsotakis: Die Botschaft des Premierministers im Schatten der neuen Gerichtsverfahren für OPEKEPE. Premierminister Kyriakos Mitsotakis hält eine im Fernsehen übertragene Botschaft inmitten des Wirbelsturms neuer Klagen gegen OPEKEPE. Die „Lawine“ an Enthüllungen und die „Feuer“-Dialoge, die das Licht der Welt erblicken... K. Mitsotakis: Die Botschaft des Premierministers an den Skisport...",Κ. Μητσοτάκης: Το μήνυμα του πρωθυπουργού στη σκιά των νέων δικογραφιών για τον ΟΠΕΚΕΠΕ,"Τηλεοπτικό μήνυμα εν μέσω της δίνης των νέων δικογραφιών για τον ΟΠΕΚΕΠΕ απευθύνει ο πρωθυπουργός Κυριάκος Μητσοτάκης.
Η «χιονοστιβάδα» αποκαλύψεων και οι διάλογοι -«φωτιά» που βλέπουν το φως της δημοσιοτητας…
Κ. Μητσοτάκης: Το μήνυμα του πρωθυπουργού στη σκι…","K. Mitsotakis: The Prime Minister's message in the shadow of the new court cases for OPEKEPE. Prime Minister Kyriakos Mitsotakis addresses a televised message in the midst of the whirlwind of new lawsuits against OPEKEPE.
The ""avalanche"" of revelations and the ""fire"" dialogues that see the light of day...
K. Mitsotakis: The Prime Minister's message to skiing...","K. Mitsotakis: Nuntius Primi Ministri in umbra novae causae curiae pro OPEKEPE. Primus minister Kyriakos Mitsotakis nuntium televisificum alloquitur in medio turbine novarum iudiciorum contra OPEKEPE. De ""avalanche"" revelationum et ""ignis"" dialogorum qui lucem diei vident ... K. Mitsotakis: Nuntius Primi Ministri ad nartis prolabitur...",https://www.naftemporiki.gr/politics/2094732/k-mitsotakis-to-tileoptiko-minyma-toy-prothypoyrgoy-sti-skia-ton-neon-dikografion-gia-ton-opekepe/,https://www.naftemporiki.gr/wp-content/uploads/2023/04/mitsotakis_diaggelma-e1721463072950.jpg,,"« » .
« . – “ ” – .. » .
 2027, , .
 :
« , . , , .
 .
, 11 , .
 2020 . . , , . , , , 2021.
 . . , , . .
, . , , : .
 , , . , , , .
 , . . , , .
 , , «», . , «».
, : , , . . , . , .
 . «… [+234 chars]",,2026-04-13 10:23:57+00:00,random,,,
49ef09a61cc013aac0c10d7d3416ccff,2026-04-06T16:00:48Z,Snow Avalanche,χιονοστιβάδα,www.protothema.gr,el,0.9,"Zwei Tote und zwei Verletzte nach einem Lawinenunglück in Norwegen. Die Lawine ereignete sich in der Nähe des Skigebiets Hemsendal, nordwestlich von Oslo | Norwegen | Lawine | Tot | Welt",Δύο νεκροί και δύο τραυματίες μετά από χιονοστιβάδα στη Νορβηγία,"Η χιονοστιβάδα σημειώθηκε κοντά στο χιονοδρομικό κέντρο του Χέμσενταλ, βορειοδυτικά του Όσλο | Νορβηγία | Χιονοστιβάδα | Νεκροί | Κόσμος","Two dead and two injured after an avalanche in Norway. The avalanche occurred near the Hemsendal ski resort, northwest of Oslo | Norway | Avalanche | Dead | World","Duo mortui sunt et duo vulnerati post montem cadentem in Norvegia. Avalanche factum est prope Hemsendal ski, Osloae ad chorum | Norvegia | Avalanche | Mortuus | Mundus",https://www.protothema.gr/world/article/1799573/duo-anthropoi-vrikan-ton-thanato-exaitias-hionostivadas-sti-norvigia/,https://www.protothema.gr/images/640x360share/jpg/files/2025-12-29/xionostivada_1.jpg,,", . ( 30 ) ( 20 ), . 11 ( , 12:00 ) , .
, . ,. .
.",,2026-04-13 10:23:57+00:00,random,,,
9f522a8bd49bd9190e1c951610357f37,2026-04-06T17:32:05Z,Snow Avalanche,χιονοστιβάδα,www.naftemporiki.gr,el,0.9,"Norwegen: Zwei Skifahrer kamen bei einer Lawine ums Leben. Bei einem Lawinenunglück in Norwegen kamen zwei Skifahrer ums Leben und zwei weitere wurden verletzt, wie die Polizei des skandinavischen Landes am Montag (4.6.) mitteilte.
„Eine Frau etwa 20 Jahre alt und…
Norwegen: Zwei Skifahrer kamen bei Lawine ums Leben - NAUTEMBO...",Νορβηγία: Δύο σκιέρ έχασαν τη ζωή τους σε χιονοστιβάδα,"Δύο σκιέρ έχασαν τη ζωή τους και δύο ακόμη τραυματίστηκαν σε χιονοστιβάδα στη Νορβηγία, όπως ανακοίνωσε τη Δευτέρα (6/4) η αστυνομία της σκανδιναβικής χώρας.
«Μια γυναίκα περίπου 20 ετών και…
Νορβηγία: Δύο σκιέρ έχασαν τη ζωή τους σε χιονοστιβάδα - Η ΝΑΥΤΕΜΠΟ…","Norway: Two skiers died in an avalanche. Two skiers died and two others were injured in an avalanche in Norway, as the Scandinavian country's police announced on Monday (4/6).
""A woman about 20 years old and…
Norway: Two skiers died in an avalanche - NAUTEMBO...","Norvegia: Duo nartatores in NIVIS CASUS mortui sunt. Duo nautae mortui sunt et duo alii in avalanche in Norvegia laesi sunt, ut vigiles patriae Scandinaviani die Lunae (4/6).
""Femina circiter XX annos nata et…
Norvegia: Duo nautae in NIVIS - NAUTEMBO... mortui sunt.",https://www.naftemporiki.gr/kosmos/2095100/norvigia-dyo-skier-echasan-ti-zoi-toys-se-chionostivada/,https://www.naftemporiki.gr/wp-content/uploads/2026/04/norbigia_nekroi_skier_xionostibada.jpg,,,,2026-04-13 10:23:57+00:00,random,,,
c7f6e491250cf5cda787a84c95c29384,2026-04-06T17:50:26Z,Snow Avalanche,χιονοστιβάδα,www.skai.gr,el,0.9,"Norwegen: Zwei Skifahrer kamen bei einer Lawine ums Leben. Die Tragödie ereignete sich in der Nähe des Skigebiets Hemsedal, nordwestlich von Oslo – eine 20-jährige Frau und ein 30-jähriger Mann waren die Opfer",Νορβηγία: Δύο σκιέρ έχασαν τη ζωή τους σε χιονοστιβάδα,"Η τραγωδία σημειώθηκε κοντά στο χιονοδρομικό κέντρο Χέμσενταλ, βορειοδυτικά του Όσλο - Μία γυναίκα 20 ετών και ένας άνδρας 30 ετών τα θύματα","Norway: Two skiers died in an avalanche. The tragedy occurred near the Hemsedal ski resort, northwest of Oslo - A 20-year-old woman and a 30-year-old man the victims","Norvegia: Duo nautae in NIVIS CASUS mortui sunt. Tragoedia prope Hemsedal ski facta est, inter septentrionem Osloae - femina XX annorum et victimarum triginta annorum.",https://www.skai.gr/news/world/norvigia-dyo-skier-exasan-ti-zoi-tous-se-xionostivada,https://www.skai.gr/sites/default/files/styles/article_16_9/public/2026-04/hionostivada_ap_2.jpg?itok=8ltFIqYp,,"- . , .
, - 20 30 
, (6/4) .
« 20 30 », . 11:00 , .
 . , . , .
 . , «» , .
 .Skai.gr Google News .
© 2026 skai.gr - All Rights Reserved",,2026-04-13 10:23:57+00:00,random,,,
a861c6d21c4ef497579b078028e5b1ec,2026-04-02T09:43:32Z,Precipitation,νεροποντή,www.newsit.gr,el,0.9,"Nea Makri: Die newsit.gr-Drohne an der Stelle, an der der 54-Jährige von einem Bach mitgerissen wurde – Schlamm, gesperrte Straßen und Verzweiflung. Bilder von der Situation, die durch den gestrigen (1.4.26) Regenguss in den östlichen Hauptgebieten Attikas entstanden ist, aufgenommen von der Drohne von newsit.gr. Pikermi, der Neue... 
Der Artikel Nea Makri: Die newsit.gr-Drohne an der Stelle, an der der 54-Jährige von einem Bach mitgerissen wurde...","Νέα Μάκρη: To drone του newsit.gr στο σημείο όπου παρασύρθηκε από ρέμα ο 54χρονος – Λάσπες, κλειστοί δρόμοι και απελπισία","Εικόνες από την κατάσταση που δημιούργησε η χθεσινή (1.4.26) νεροποντή στις ανατολικές κυρίως περιοχές της Αττικής, κατέγραψε το drone του newsit.gr. To Πικέρμι, η Νέα ... 
To άρθρο Νέα Μάκρη: To drone του newsit.gr στο σημείο όπου παρασύρθηκε από ρέμα ο 54χρ…","Nea Makri: The newsit.gr drone at the spot where the 54-year-old was swept away by a stream - Mud, closed roads and despair. Images from the situation created by yesterday's (1.4.26) downpour in the eastern main areas of Attica, recorded by newsit.gr's drone. Pikermi, the New... 
The article Nea Makri: The newsit.gr drone at the point where the 54-year-old was swept away by a stream...","Nea Makri: Fucus newsit.gr in loco ubi rivus 54 annorum sternebatur - Mud, viarum clausa et desperatio. Imagines e situ ab heri (1.4.26) factae pluviae in locis principalibus orientalis Atticae, a fuco divulgato pernotuerunt. Pikermi, Novus... 
Articulus Nea Makri: fucus newsit.gr in eo loco ubi rivus 54 annorum raptus est.",https://www.newsit.gr/ellada/nea-makri-to-drone-tou-newsit-gr-sto-simeio-opou-parasyrthike-apo-rema-o-54xronos-laspes-kleistoi-dromoi-kai-apelpisia/4641290/,https://www.newsit.gr/wp-content/uploads/2026/04/makri-foto-1200x630.jpg,,"(1.4.26) , drone newsit.gr. To , , «» Erminio .
 12 , , Erminio.
 .
 drone newsit.gr 54 . , .
 .
 :
<ul><li> , , , .</li><li> , , .</li><li> , , .</li><li> , . , .</li><li> , , , .</li></ul>",,2026-04-13 17:44:36+00:00,random,,,
b4fe8d85be561029b464b0bcfddd419f,2026-04-01T23:17:52Z,Earthquake,σεισμός,www.skai.gr,el,0.9,7.4 Erdbeben in Indonesien – Tsunami-Warnung. Das Epizentrum des Erdbebens lag etwa 120 km von der Stadt Ternate in der indonesischen Provinz Nord-Maluku entfernt und hatte eine Fokustiefe von 10 km.,"Σεισμός 7,4 βαθμών στην Ινδονησία - Προειδοποίηση για τσουνάμι","Το επίκεντρο του σεισμού εντοπίστηκε περίπου 120 χιλιόμετρα από την πόλη Τερνάτε, στην επαρχία Βόρειου Μαλούκου της Ινδονησίας και είχε εστιακό βάθος 10 χλμ.","7.4 Earthquake in Indonesia - Tsunami Warning. The epicenter of the earthquake was located about 120 km from the city of Ternate, in the North Maluku province of Indonesia, and had a focal depth of 10 km.","7.4 Terrae motus in Indonesia - Tsunami Monitum. Epicenter terrae motus circiter 120 km ab urbe Ternate, in provincia Maluku septentrionali Indonesia, sita erat et arx 10 km erat.",https://www.skai.gr/news/world/indonisia-seismos-78-vathmon,https://www.skai.gr/sites/default/files/styles/article_16_9/public/2026-04/seismos-indonesia_0.png?itok=umnRrx8M,,"7,4 06:48 ( · 01:48 ), , (USGS).
 120 , , 205.000 10 . (6,21 ), .
 , 7,8 .
Endonezya'nn Moluk Denizi'nde 7,8 büyüklüünde bir deprem meydana geldi. USGS#Breaking#Earthquake#Deprem#Sismo#Indonesia#T… [+722 chars]",,2026-04-13 21:34:46+00:00,random,,,
7ad81c1fa63a9e627350b45627cb5b9b,2026-04-01T23:21:41Z,Earthquake,σεισμός,www.protothema.gr,el,0.9,"Erdbeben der Stärke 7,4 erschüttert Indonesien, Tsunami-Warnung. Erdbeben der Stärke 7,4 erschüttert die Molukkenregion in Indonesien | Welt","Σεισμός 7.4 Ρίχτερ πλήττει την Ινδονησία, προειδοποίηση για τσουνάμι",Σεισμός 7.4 Ρίχτερ πλήττει την περιοχή Μολούκκα στην Ινδονησία | Κόσμος,"7.4 Richter earthquake hits Indonesia, tsunami warning. 7.4 magnitude earthquake hits the Moluccas region in Indonesia | World","7.4 Richter terrae motus Indonesiam, tsunami admonitionem pervenit. 7.4 Magnitudo terrae motus Moluccas regionem in Indonesia | Mundus",https://www.protothema.gr/world/article/1797455/seismos-74-rihter-plittei-tin-indonisia-proeidopoiisi-gia-tsounami/,https://www.protothema.gr/images/640x360share/jpg/files/2025-12-06/maketa-seismografos.jpg,,"7.4 , 163 , .22:48 UTC 1 2026 (01:48 2/4), 35 .
, , 163 . 451,000 , 06:48:14.2 (2 2026).130 , 101,000, 07:48:14.2 (2 2026).
, . , .
« » , . , .",,2026-04-13 21:34:46+00:00,random,,,
1572c23ec54335fb943097977f1075ad,2026-04-01T23:51:53Z,Earthquake,σεισμός,www.newsit.gr,el,0.9,"Erdbeben der Stärke 7,8 in Indonesien und Tsunami-Warnung, Video des Enceladus-Einschlags. Im Meer vor Indonesien wurde ein sehr starkes Erdbeben der Stärke 7,8 auf der Richterskala registriert, teilte der US Geological Survey (USGS) am 2. mit ... <a title=""7,8 Erdbeben in Indonesien und eine Warnung für die...","Σεισμός 7,8 Ρίχτερ στην Ινδονησία και προειδοποίηση για τσουνάμι, βίντεο από το χτύπημα του Εγκέλαδου","Πολύ ισχυρός σεισμός μεγέθους 7,8 βαθμών της κλίμακας Ρίχτερ καταγράφτηκε στον θαλάσσιο χώρο ανοικτά της Ινδονησίας, ανακοίνωσε το αμερικανικό ινστιτούτο γεωλογικών ερευνών (USGS) στις 2 ... <a title=""Σεισμός 7,8 Ρίχτερ στην Ινδονησία και προειδοποίηση για τσ…","7.8 earthquake in Indonesia and tsunami warning, video of Enceladus impact. A very strong earthquake measuring 7.8 on the Richter scale was recorded in the sea off Indonesia, the US Geological Survey (USGS) announced on 2 ... <a title=""7.8 earthquake in Indonesia and a warning for th...","7.8 terrae motus in Indonesia et tsunami monitus, video Enceladum ictum. Terrae motus validissimus mensurae 7.8 in scalis Richter commemoratur in mari ab Indonesia, US Geological Survey (USGS) nuntiatus in 2 ... <a title=""7.8 terrae motus in Indonesia et admonitio pro th...",https://www.newsit.gr/kosmos/seismos-7-8-rixter-stin-indonisia-kai-proeidopoiisi-gia-tsounami-vinteo-apo-to-xtypima-tou-egkeladou/4640968/,https://www.newsit.gr/wp-content/uploads/2026/04/indonesia-02042026-1200x630.jpg,,"7,8 , (USGS) 2 (02.04.2026) .
, (PTWC), 7,8 .
Circulating images | First footage showing the impact of the M7.4 earthquake in North Sulawesi, Indonesia. pic.twitter.com/9UJRZ0hXq5
The Middle East … [+35 chars]",,2026-04-13 21:34:46+00:00,random,,,
2699f0baec77eaa758a4dc8cc461b92a,2026-04-02T05:21:11Z,Tsunami,τσουνάμι,dialogos.com.cy,el,0.9,"Erdbeben der Stärke 7,4 in Indonesien, Tsunami-Warnung aufgehoben. Die Tsunami-Warnung in Indonesien kann als beendet betrachtet werden, nachdem das Erdbeben der Stärke 7,4 das Meer vor dem östlichen Teil des Archipels erschütterte, teilte das US-amerikanische Tsunami-Frühwarnzentrum der E... mit.","Σεισμός 7,4 βαθμών στην Ινδονησία, άρση προειδοποίησης για τσουνάμι","Ο συναγερμός για τσουνάμι στην Ινδονησία μπορεί να θεωρηθεί ότι έληξε μετά τον σεισμό 7,4 βαθμών που σημειώθηκε στον θαλάσσιο χώρο ανοικτά του ανατολικού τμήματος του αρχιπελάγους, γνωστοποίησε το αμερικανικό κέντρο έγκαιρης προειδοποίησης για τσουνάμι στον Ε…","7.4 earthquake in Indonesia, tsunami warning lifted. The tsunami warning in Indonesia can be considered ended after the 7.4-magnitude earthquake struck in the sea off the eastern part of the archipelago, the US Tsunami Early Warning Center told the E...","7.4 Terrae motus in Indonesia, tsunami admonitionem sustulit. Monitio tsunami in Indonesia finiri potest post 7.4-magnitudo terrae motus in mari percussus ab orientali parte archipelagi, US Tsunami Praemature Warning Centre nuntiavit E...",https://dialogos.com.cy/seismos-74-vathmon-stin-indonisia-arsi-proeidopoiisis-gia-tsoynami/,https://dialogos.com.cy/wp-content/uploads/2025/01/AP24070242913197.jpg,,"© Dialogos Media Group - , , , / , , , , ( ) , , , , , .",,2026-04-13 21:34:46+00:00,random,,,
6ab564a8f5e01c670521d75212a9f5d0,2026-04-02T06:33:50Z,Tsunami,τσουνάμι,dialogos.com.cy,el,0.9,"Rückgang der Bestellungen in Hoteleinheiten – In den nächsten Tagen kommt ein Tsunami an Zuwächsen. Der Präsident des Verbandes der Konsumgüterlieferanten, Giorgos Tsakkistos, bezeichnete die Situation für die Handelsteilnehmer als äußerst schwierig, da keine Prognose für die Dauer des Krieges abgegeben werden könne, und sprach von der erwarteten...",Μείωση παραγγελιών στις ξενοδοχειακές μονάδες – Έρχεται τσουνάμι αυξήσεων τις επόμενες μέρες,"Εξαιρετικά δύσκολη χαρακτήρισε την κατάσταση για όσους ασχολούνται με το εμπόριο καθώς δεν μπορεί να γίνει καμία πρόβλεψη για τη διάρκεια του πολέμου, ο πρόεδρος του Συνδέσμου προμηθευτών ευρείας κατανάλωσης Γιώργος Τσακκιστός, κάνοντας λόγο για αναμενόμενο τ…","Decrease in orders in hotel units – A tsunami of increases is coming in the next few days. The president of the Association of consumer goods suppliers Giorgos Tsakkistos characterized the situation as extremely difficult for those involved in trade as no prediction can be made for the duration of the war, speaking of the expected...","Ordines minuere in deversorium unitates – Tsunami incrementorum proximis diebus venit. Praeses Associationis bonorum consumentium Giorgos Tsakkistos praebitorum condicionem difficiliorem notavit iis qui in commerciis implicantur, cum nulla praedictio duratio belli fieri possit, loquens de exspectatione...",https://dialogos.com.cy/meiosi-paraggelion-stis-xenodocheiakes-monades-erchetai-tsoynami-ayxiseon-tis-epomenes-meres/,https://dialogos.com.cy/wp-content/uploads/2021/12/super_market-kalathi-pswnia-trofima-1.jpg,,"© Dialogos Media Group - , , , / , , , , ( ) , , , , , .",,2026-04-13 21:34:46+00:00,random,,,
2656ba4eb27cf1ca58da6f0511483e21,2026-04-05T04:30:00Z,Tsunami,τσουνάμι,dialogos.com.cy,el,0.9,"Ein Tsunami an Produktpreiserhöhungen steht bevor. Erhebliche Steigerungen werden von denjenigen gefordert, die an den Gliedern der Lieferkette beteiligt sind. Der größte Druck auf die Lieferanten liegt im Transportbereich, der auf 20 % angestiegen ist. Von Kostas A. Constantinou Erhebliche Steigerungen werden nacheinander von den Ketten der Lieferkette verzeichnet...",Έρχεται τσουνάμι αυξήσεων στις τιμές προιόντων,"Σοβαρές αυξήσεις ζητούν οι εμπλεκόμενοι στους κρίκους της εφοδιαστικής αλυσίδας  Οι μεγαλύτερες πιέσεις για τους προμηθευτές είναι στα μεταφορικά, που αυξήθηκαν στο 20% Του Κώστα Α. Κωνσταντίνου Σοβαρές αυξήσεις καταγράφουν η μία μετά την άλλη οι αλυσίδες του…","A tsunami of product price increases is coming. Serious increases are requested by those involved in the links of the supply chain The biggest pressures on suppliers are in transport, which increased to 20% By Kostas A. Constantinou Serious increases are recorded one after another by the chains of...",Pretium productum tsunami crescit. Augmenta gravia postulantur ab iis qui nexus copiae catenae implicantur Maximus premuntur onerariae in onerariis quae augentur ad 20% Per Kostas A. Constantinou Gravia incrementa inter se per vincula memorantur...,https://dialogos.com.cy/erchetai-tsoynami-ayxiseon-stis-times-proionton/,https://dialogos.com.cy/wp-content/uploads/2024/08/iperagora.jpg,,", 20%
 . 
 , , , .
 , , , .
 , , .
 , , 20%, , .
 , , 10% .
 , .
 , . . , . .
 , , , , , , .
 , , , , , .. , , .
, , , .
, , , , , , .
 , , , , , , .
 , 28 , 1,41, 01-04-2026 1,87. , 8,… [+242 chars]",,2026-04-13 21:34:46+00:00,random,,,
94af07d589af821ebfb87d368c385a3b,2026-04-07T11:51:46Z,Landslide,λάσπη,www.skai.gr,el,0.7,Skandal in Italien: Ein Foto von Meloni mit einem Camorra-Komplizen wurde veröffentlicht. Das „Selfie“ wurde angeblich im Februar 2019 aufgenommen. „Schlamm im Fan“ kommentiert die Berichte des italienischen Ministerpräsidenten,Σκάνδαλο στην Ιταλία: Δημοσιεύθηκε φωτογραφία της Μελόνι με συνεργό της Καμόρα,Η «σέλφι» φέρεται να τραβήχθηκε τον Φεβρουάριο του 2019. «Λάσπη στον ανεμιστήρα» σχολιάζει για τα δημοσιεύματα η πρωθυπουργός της Ιταλίας,"Scandal in Italy: A photo of Meloni with a Camorra accomplice was published. The ""selfie"" was allegedly taken in February 2019. ""Mud in the fan"" comments on the reports of the Italian Prime Minister","Scandalum in Italia: Imaginatio photographica Meloni cum complicibus Camorra divulgata est. The ""selfie"" was asserted in February 20119. ""Lud in ventilabrum"" commentationes de relationibus Primi Ministri Italiae",https://www.skai.gr/news/world/salos-stin-italia-selfi-tis-meloni-me-synergo-tis-kamora,https://www.skai.gr/sites/default/files/styles/article_16_9/public/2026-04/x_meloni_mafia_2.jpg?itok=9LKQbvMW,,"«» ,  , .
 «» 2019, « » . Fanpage, o , , , , , « », «» .
Che ci fa luomo che ha fatto sedere allo stesso tavolo i referenti milanesi di Matteo Messina Denaro, i capi delle locali lombarde della ndr… [+291 chars]",,2026-04-14 03:55:25+00:00,random,,,
0ef75333bd485bb2f87b18fdb6fc123a,2026-04-02T14:42:00Z,Landslide,λάσπη,www.protothema.gr,el,0.9,"Süd-Euböa wurde durch schlechtes Wetter braun Erminio, Tonnen von Schlamm und transportiertem Material im Meer, beeindruckende Drohnenaufnahmen. Die starken Regenfälle in den frühen Morgenstunden des Donnerstags (2.4.) verwandelten das Meer in eine riesige braune Fläche, die einem schlammigen See ähnelte | Nea Makri | Schlechtes Wetter | Meer | Schlamm | Griechenland","Ο Νότιος Ευβοϊκός έγινε καφέ λόγω της κακοκαιρίας Erminio, τόνοι λάσπης και φερτά υλικά στη θάλασσα, εντυπωσιακά πλάνα από drone","Οι ισχυρές βροχοπτώσεις που σημειώθηκαν τα ξημερώματα της Πέμπτης (2/4) μετέτρεψαν τη θάλασσα σε μια απέραντη καφέ έκταση, με αποτέλεσμα να θυμίζει λασπώδη λίμνη | Νέα Μάκρη | Κακοκαιρία | Θάλασσα | Λάσπη | Ελλάδα","South Euboea turned brown due to bad weather Erminio, tons of mud and transported materials in the sea, impressive drone footage. The heavy rains that occurred in the early hours of Thursday (2/4) turned the sea into a vast brown expanse, resembling a muddy lake | Nea Makri | Bad weather | Sea | Mud | Greece","Meridionalis Euboea brunneis ob tempestatem Erminio, talentis lutis et materiae in mare transportata, footage impressive fucus. Imbres graves, quae primis horis Iovis (2/4) factae sunt, mare in immensum fuscum expansum converterunt, lacu turbido simile | Nea Makri | Bad weather | Sea | Mud | Graecia",https://www.protothema.gr/greece/article/1797841/i-kakokairia-erminio-allaxe-hroma-ston-euvoiko-kolpo-tonoi-laspis-kai-ferta-ulika-eduposiaka-plana-apo-drone/,https://www.protothema.gr/images/640x360share/jpg/files/2026-04-02/plimira-xrm.jpg,,"To view this video please enable JavaScript, and consider upgrading to a
 web browser that supports HTML5 video",,2026-04-14 03:55:25+00:00,random,,,
d09c531626d843404f15b1fe6443fc8f,2026-04-06T16:21:18Z,Landslide,λάσπη,www.protothema.gr,el,0.9,"Türkei: Doppeltackling gegen den Schiedsrichterassistenten, siehe Video. Einer mit dem Schlamm wurde nach einem Doppeltackling zum Schiedsrichterassistenten in einem Spiel der 3. Nationalliga der Türkei | Bursaspor | Mardin | Türkei | Sport","Τουρκία: Διπλό τάκλιν στη βοηθό διαιτητή, δείτε βίντεο","Ένα με τη λάσπη έγινε η βοηθός διαιτητή σε αγώνα για τη Γ΄ Εθνική κατηγορία της Τουρκίας, μετά από διπλό τάκλιν | Μπούρσασπορ | Μαρντίν | Τουρκία | Sports","Turkey: Double tackle on the assistant referee, see video. One with the mud became the assistant referee in a match for the 3rd National Division of Turkey, after a double tackle | Bursaspor | Mardin | Turkey | Sports","Turcia: Duplex armamenta in referendarius assistentis, vide video. Una cum caeno factus est adiutor referendarius in par pro 3 divisione nationali Turciae, post duplicem armamenta. | Bursaspor | Mardin | Turkey | Sports",https://www.protothema.gr/sports/article/1799132/tourkia-diplo-taklin-sti-voitho-diaititi-kai-voutia-sti-laspi-deite-video/,https://www.protothema.gr/images/640x360share/jpg/files/2026-04-05/mploum.jpg,,", online scroll, brands . !",,2026-04-14 03:55:25+00:00,random,,,
ddf24d30a8688ebd346fcd99976ce6be,2026-04-09T16:16:20Z,Landslide,λάσπη,www.protothema.gr,el,0.9,"Lazaridis: PASOK fungiert als Verfolger von Polakis und Kasselakis und greift auf Schlamm und Fake News zurück. Er spricht von einer „neuen Ko-Regierung“, die sich Nikos Androulakis seiner Meinung nach vorstellt, „ohne Programm, ohne Ernsthaftigkeit, mit dem einzigen Werkzeug in der Toxizität“ | Pavlos Polakis | Makarios Lazaridis | PASOK | Politik","Λαζαρίδης: Το ΠΑΣΟΚ λειτουργεί ως ουρά του Πολάκη και του Κασσελάκη, καταφεύγει στη λάσπη και τα fake news","Κάνει λόγο για «νέα συγκυβέρνηση» που –κατά τον ίδιο– οραματίζεται ο Νίκος Ανδρουλάκης, «χωρίς πρόγραμμα, χωρίς σοβαρότητα, με μοναδικό εργαλείο την τοξικότητα» | Παύλος Πολάκης | Μακάριος Λαζαρίδης | ΠΑΣΟΚ | Πολιτική","Lazaridis: PASOK acts as the tail of Polakis and Kasselakis, resorting to mud and fake news. He speaks of a ""new co-government"" that - according to him - is envisioned by Nikos Androulakis, ""without a program, without seriousness, with the only tool being toxicity"" | Pavlos Polakis | Makarios Lazaridis | PASOK | Policy","Lazaridis: PASOK cauda Polakis et Kasselakis agit, ad caenum et fictum nuntium confluentem. Loquitur de ""novo co-regimine"" quod - secundum ipsum - a Nikos Androulakis praevidetur, ""sine ratione, sine gravitate, cum instrumento toxicitatis"" | Pavlos Polakis | Makarios Lazaridis | PASOK | Policy",https://www.protothema.gr/politics/article/1801286/lazaridis-to-pasok-leitourgei-os-oura-tou-polaki-kai-tou-kasselaki-katafeugei-sti-laspi-kai-ta-fake-news/,https://www.protothema.gr/images/640x360share/jpg/files/2025-11-19/maakriso-lazaridis.jpg,,", ., « » , , « fake news», « » .
, « » , « , , »., «», , «The College of Southeastern Europe», , . , « ».
, «», « », « ».
« 
 , , ., fake news, . « » : , , . , «», . ( «The College of Southeaster… [+10 chars]",,2026-04-14 03:55:25+00:00,random,,,
34d8d372bfd2ffa53ab30c06796802c2,2026-04-05T07:23:33Z,Wildfire,πυρκαγιά,www.skai.gr,el,0.7,Russland: Nach Drohnenangriff bricht Feuer in der NORSI-Raffinerie aus. Ein Kraftwerk und einige Häuser wurden durch den Angriff beschädigt – Verletzte gibt es ersten Informationen zufolge nicht,Ρωσία: Πυρκαγιά ξέσπασε στο διυλιστήριο NORSI έπειτα από επίθεση με drones,"Από την επίθεση υπέστησαν ζημιές ένας σταθμός παραγωγής ενέργειας και μερικά σπίτια - Σύμφωνα με τις πρώτες πληροφορίες, δεν υπάρχουν τραυματίες","Russia: Fire breaks out at NORSI refinery after drone attack. A power station and some houses were damaged by the attack - According to initial information, there are no injuries",Russia: Ignis in conflatorio NORSI erumpit post impetum fuci. Potestas stationis quaedam domus ab oppugnatione laesa sunt - Secundum ad initialem informationem nullae sunt iniuriae,https://www.skai.gr/news/world/rosia-pyrkagia-ksespase-sto-diylistirio-norsi-epeita-apo-epithesi-me-drones,https://www.skai.gr/sites/default/files/styles/article_16_9/public/2026-04/norsi-x.jpg?itok=a_9xJlSI,,"NORSI, , drones, , , Telegram.
 , .
 , .
 .Skai.gr Google News .",,2026-04-14 06:22:45+00:00,random,,,
bb7df2a9e526cf5b8dacb6a777a0c350,2026-04-02T17:59:00Z,Wildfire,πυρκαγιά,www.protothema.gr,el,0.9,"Drohnenangriff auf US-Anlage am Flughafen Bagdad. Sie zielten auf das logistische Unterstützungszentrum und verursachten einen Brand, aber keine Verletzten. Bagdad | Drohnen | Welt",Επίθεση με drone σε αμερικανική εγκατάσταση στο αεροδρόμιο της Βαγδάτης,"Στοχοθέτησαν το κέντρο υλικοτεχνικής υποστήριξης, προκαλώντας πυρκαγιά, χωρίς όμως να υπάρξουν τραυματίες | Βαγδάτη | Drones | Κόσμος","Drone attack on US facility at Baghdad airport. They targeted the logistical support center, causing a fire, but no injuries Baghdad | Drones | World",Fucus impetus in US facultatem Bagdad aeroportus. Iagebant logisticam centrum subsidium causantes ignem sed Bagdad iniurias non | drones | Mundus,https://www.protothema.gr/world/article/1797995/epithesi-me-drone-se-amerikaniki-egatastasi-sto-aerodromio-tis-vagdatis/,https://www.protothema.gr/images/640x360share/jpg/files/2026-04-02/30836817.jpg,,", online scroll, brands . !",,2026-04-14 06:22:45+00:00,random,,,
0fc874d51e1911fa355b8f87edeacd64,2026-04-06T14:55:00Z,Wildfire,πυρκαγιά,www.protothema.gr,el,0.9,"Brand in einem Ölterminal in Noworossijsk nach einem ukrainischen Drohnenangriff, Video. Nach einem Angriff ukrainischer Drohnen brach über Nacht das Feuer am Ölterminal Tscheskaris im russischen Hafen Noworossijsk am Schwarzen Meer aus Schwarzes Meer | Russland | Ukraine | Hafen | Drohnen | N…","Πυρκαγιά σε τερματικό σταθμό πετρελαίου στο Νοβοροσίσκ μετά από χτύπημα ουκρανικών drones, βίντεο","Η πυρκαγιά ξέσπασε κατά την διάρκεια της νύχτας στον τερματικό σταθμό πετρελαίου Τσεσκάρις στο ρωσικό λιμάνι του Νοβοροσίσκ στην Μαύρη Θάλασσα, μετά την επίθεση των ουκρανικών μη επανδρωμένων αεροσκαφών | Μαύρη Θάλασσα | Ρωσία | Ουκρανία | Λιμάνι | Drones | Ν…","Fire at an oil terminal in Novorossiysk after a Ukrainian drone strike, video. The fire broke out overnight at the Cheskaris oil terminal in the Russian port of Novorossiysk on the Black Sea, following an attack by Ukrainian drones | Black Sea | Russia | Ukraine | Port | Drones | N…","Ignis apud oleum terminale in Novorossiysk post percussionem fuci Ucrainae, video. Ignis pernoctare in oleo Cheskaris terminali in portu Russico Novorossiysk in Ponto orto, impetum fuci Ucrainae secutus | Black Sea | Russia | Ucraina | Port | drones | N…",https://www.protothema.gr/world/article/1799545/purkagia-se-termatiko-stathmo-petrelaiou-sto-novorosisk-meta-apo-htupima-/,https://www.protothema.gr/images/640x360share/jpg/files/2025-12-23/ukraine_drones_fire.jpg,http://web.archive.org/web/20260406150752/https://www.protothema.gr/world/article/1799545/purkagia-se-termatiko-stathmo-petrelaiou-sto-novorosisk-meta-apo-htupima-/,", , , ., , .BREAKING:
Massive Ukrainian drone swarm attack against Russian oil terminals in the Port of Novorossiysk in the Krasnodar region of Russia.
Oil infrastructure is on fire across the port… [+67 chars]",,2026-04-14 06:22:45+00:00,random,,,
cdb844f1ac4790a51d950b293049c2af,2026-04-07T06:49:25Z,Wildfire,πυρκαγιά,www.skai.gr,el,0.9,Saudi-Arabien: Brand im Petrochemiekomplex im östlichen Teil nach Angriff. „Angriff löste Brand in Sabic-Fabriken aus“ – In Jubail befindet sich eines der größten Industriegebiete der Welt,Σαουδική Αραβία: Πυρκαγιά σε πετροχημικό συγκρότημα στο ανατολικό τμήμα έπειτα από επίθεση,«Επίθεση προκάλεσε πυρκαγιά στα εργοστάσια της Sabic» - Στην Τζουμπάιλ βρίσκεται μια από τις μεγαλύτερες βιομηχανικές ζώνες στον κόσμο,"Saudi Arabia: Fire at petrochemical complex in eastern part after attack. ""Attack caused fire at Sabic factories"" - Jubail is home to one of the largest industrial zones in the world","Arabia Saudiana: Ignis in complexu petrochemico in parte orientali post impetum. ""Ignem in officinarum Sabicarum impetum fecit"" - Jubail est domus uni ex maximis zonis industrialibus in mundo",https://www.skai.gr/news/world/saoudiki-aravia-pyrkagia-se-petroximiko-sygkrotima-sto-anatoliko-tmima-epeita-apo-epithesi,https://www.skai.gr/sites/default/files/styles/article_16_9/public/feedelio/ap4952958169775586.jpg?itok=JTAH1uTb,,"-  
« Sabic» - 
, AFP , .
« Sabic . », Saudi Basic Industries Corporation, .
 , , , , .
 .
.Skai.gr Google News .
© 2026 skai.gr - All Rights Reserved",,2026-04-14 06:22:45+00:00,random,,,
577dd175317d47e289b7441772a995c6,2026-04-10T17:20:00Z,Wildfire,πυρκαγιά,www.protothema.gr,el,0.9,"Basketballtrikot, historische Karte und Bücher: Macrons symbolische Geschenke an den Papst. Unter anderem schenkte der französische Präsident dem Papst ein Buch, das den Restaurierungsprozess der Kathedrale Notre Dame nach dem Brand von 2019 dokumentiert | Emmanuel Macron | Papst Leo | Vatikan | Geschenke | Welt","Φανέλα μπάσκετ, ιστορικός χάρτης και βιβλία: Τα συμβολικά δώρα του Μακρόν στον Πάπα",Μεταξύ άλλων ο Γάλλος Πρόεδρος έδωσε στον Πάπα βιβλίο το οποίο καταγράφει την πορεία αποκατάστασης του καθεδρικού ναού της Παναγίας των Παρισίων μετά την πυρκαγιά του 2019 | Εμανουέλ Μακρόν | Πάπας Λέων | Βατικανό | Δώρα | Κόσμος,"Basketball jersey, historical map and books: Macron's symbolic gifts to the Pope. Among other things, the French President gave the Pope a book that records the restoration process of the Notre Dame Cathedral after the fire of 2019 | Emmanuel Macron | Pope Leo | Vatican | Gifts | World","Basketball Jersey, tabula historica et libri: Macroni dona symbolica ad Papam. Inter alia, Praeses Gallus Papae librum dedit, qui processus restaurationis Cathedralis Notre-Dame post incendium 2019 commemorat | Emmanuel Macron | Leo Papa | Vatican | Gifts | Mundus",https://www.protothema.gr/world/article/1801688/fanela-basket-istoriko-harti-kai-vivlia-ta-sumvolika-dora-tou-makron-ston-papa/,https://www.protothema.gr/images/640x360share/2/jpg/files/2026-04-10/macron-papas.jpg,,", ., , . , , . 
 , 1673 .
 , , . 19851998.«Combat pour la liberté» , . , . 
, «Rebâtir Notre-Dame de Paris» , 2019. , , .",,2026-04-14 06:22:45+00:00,random,,,
b1be6d9796d86647710537d8886e286d,2026-04-10T18:56:00Z,Wildfire,πυρκαγιά,www.protothema.gr,el,0.9,"Molotowcocktail-Angriff auf das Haus von Sam Altman von OpenAI: 20-Jähriger verhaftet. Der Molotowcocktail verursachte einen Brand am Außentor des Hauses, es gab jedoch keine Verletzten oder weiteren Schaden | Sam Altman | Molotowcocktail-Angriff | Molotow | Welt",Επίθεση με μολότοφ στο σπίτι του Σαμ Άλτμαν της OpenAI: Συνελήφθη 20χρονος,"Η μολότοφ προκάλεσε πυρκαγιά στην εξωτερική πύλη του σπιτιού, χωρίς ωστόσο να υπάρξουν τραυματισμοί ή περαιτέρω ζημιές | Σαμ Άλτμαν | Επίθεση με μολότοφ | Μολότοφ | Κόσμος","Molotov cocktail attack on OpenAI's Sam Altman's home: 20-year-old arrested. The Molotov cocktail caused a fire at the outer gate of the house, but there were no injuries or further damage | Sam Altman | Molotov cocktail attack | Molotov | World","Molotov cocktail impetum in domum Sam Altman OpenAI: XX annos captus est. Cocktail Molotov ignem in porta domus exterioris effecit, sed nullae erant iniuriae vel damnum | Sam Altman | Molotov cocktail impetum | Molotov | Mundus",https://www.protothema.gr/world/article/1801703/epithesi-me-molotof-sto-spiti-tou-sam-altman-tis-openai-sunelifthi-20hronos/,https://www.protothema.gr/images/640x360share/jpg/files/2026-04-10/altman-xrm.jpg,,"one-stop , . , online supermarket , .",,2026-04-14 06:22:45+00:00,random,,,
d5ccdf182c725b782da58586bbac373b,2026-04-11T10:48:01Z,Wildfire,πυρκαγιά,www.protothema.gr,el,0.9,"In Chania hätten sie statt Juda fast die Schule niedergebrannt: Großer Schaden an der Nea Kydonia High School, siehe Bilder. Die Gemeinde Chania begann mit der Säuberung des Gebiets – Das Feuer verursachte auch Schäden an einem Klassenzimmer | Griechenland","Στα Χανιά αντί για τον Ιούδα παραλίγο να κάψουν… το σχολείο: Μεγάλες ζημιές στο Γυμνάσιο Νέας Κυδωνίας, δείτε εικόνες",Ο Δήμος Χανίων προχώρησε στον καθαρισμό του χώρου - Η πυρκαγιά προκάλεσε ζημιές και σε αίθουσα διδασκαλίας | Ελλάδα,"In Chania, instead of Judah, they almost burned... the school: Great damage to Nea Kydonia High School, see images. The Municipality of Chania proceeded to clean the area - The fire also caused damage to a classroom | Greece","In Chania, pro Iuda, paene arserunt... scholam: Magnum damnum ad Nea Kydonia High School, imagines videre. Municipium Chania ad purgandum aream processerunt - Ignis etiam damnum Curabitur aliquet fecit | Graecia",https://www.protothema.gr/greece/article/1801864/sta-hania-adi-gia-ton-iouda-paraligo-na-kapsoun-to-sholeio-megales-zimies-sto-gumnasio-neas-kudonias-deite-eikones/,https://www.protothema.gr/images/640x360share/jpg/files/2026-04-11/fotia-xania-new.jpg,,"one-stop , . , online supermarket , .",,2026-04-14 06:22:45+00:00,random,,,
54b731e3c4e3798ed187375bc9bf64bd,2026-04-13T05:38:00Z,Wildfire,πυρκαγιά,www.protothema.gr,el,0.9,"Heraklion: Großbrand auf einem Mietwagenparkplatz, siehe Video. Zu den Umständen, unter denen es zu den Flammen kam, wird eine Voruntersuchung durchgeführt | Iraklion | Feuer | Parken | Feuerwehr | Griechenland","Ηράκλειο: Μεγάλη πυρκαγιά σε χώρο στάθμευσης ενοικιαζόμενων αυτοκινήτων, δείτε βίντεο",Διενεργείται προανάκριση για τις συνθήκες υπό τις οποίες εκδηλώθηκαν οι φλόγες | Ηράκλειο | Πυρκαγιά | Πάρκινγκ | Πυροσβεστική υπηρεσία | Ελλάδα,"Heraklion: Large fire in a rental car parking lot, see video. A preliminary investigation is being conducted into the circumstances under which the flames occurred | Heraklion | Fire | Parking | Fire service | Greece","Heraklion: Large ignis in raeda car rentalis multum, videre video. Investigatio praevia inducitur in circumstantias, in quibus flammae fiebant | Heraklion | ignis | Quisque | ignis servitium | Graecia",https://www.protothema.gr/greece/article/1802267/irakleio-megali-purkagia-se-horo-stathmeusis-enoikiazomenon-autokiniton-deite-video/,https://www.protothema.gr/images/640x360share/jpg/files/2026-04-13/fotia_parkingk.jpg,,",   , .cretalive.gr, 00:50, E.O . , .., 18 .
12 . , . , . , .
 : H 
, Facebook   , , . 
 , , , .",,2026-04-14 06:22:45+00:00,random,,,
a15eed802bcff5f1972dbbee673be95b,2026-04-13T06:15:00Z,Wildfire,πυρκαγιά,www.protothema.gr,el,0.9,"Der männliche Mönchsgeier „Ioanna“ kehrte nach Dadia zurück: Die Geschichte der Rettung, die sich bewegte. Er entkam den Krähen, dem Feuer und den Giftködern und kehrte in seinen Wald zurück, wo er der König der Äther ist | Mönchsgeier | Kindermädchen | Giftköder | TIER | OFYPEKA | Krähen | Geschichten",Ο αρσενικός μαυρόγυπας «Ιωάννα» επέστρεψε στη Δαδιά: Το χρονικό της διάσωσης που συγκίνησε,"Γλίτωσε από τα κοράκια, την πυρκαγιά και τα δηλητηριασμένα δολώματα και επέστρεψε στο δάσος του, όπου είναι ο βασιλιάς των αιθέρων | Μαυρόγυπας | Δαδιά | Δηλητηριασμένα Δολώματα | ANIMA | ΟΦΥΠΕΚΑ | Κοράκια | Stories","The male black vulture ""Ioanna"" returned to Dadia: The story of the rescue that moved. He escaped the crows, the fire and the poisoned baits and returned to his forest, where he is the king of the ethers | Black vulture | Nanny | Poisoned Baits | ANIMA | OFYPEKA | Crows | Stories","Masculus niger vulturis ""Ioanna"" ad Dadia rediit: Fabula de auxilio quod movetur. Fugit corvos, ignem atque escas, et in silvam rediit, ubi rex aetherium | vulture nigro | Nanny | Venena Baits | ANIMA | OFYPEKA | Crow | Stories",https://www.protothema.gr/stories/article/1802283/o-arsenikos-maurogupas-ioanna-epestrepse-sti-dadia-to-hroniko-tis-diasosis-pou-suginise/,https://www.protothema.gr/images/640x360share/jpg/files/2026-04-13/ioanna_bird_3.jpg,,", egean « ». , , . , . . . .,   «», , 
, , , . , .«» , , « ». (),, - - , Aegean . , , , , 
« , » .
, , ...
, 2016, . , . , «». , , ( ) . , 2019 « » . 2023 2025 , ., 2026, (130 ) (120 ) . , , , «»… [+353 chars]",,2026-04-14 06:22:45+00:00,random,,,
b622f7745c650de64f87d82f2f64f698,2026-04-13T11:01:00Z,Volcano,έκρηξη ηφαιστείου,www.protothema.gr,el,0.9,Japan: Der Vulkan Sakurajima „brüllt“ erneut und spuckt Tausende Meter hohe Asche und Rauchsäulen. Nach Angaben der Japan Meteorological Agency trat es zum zweiten Mal in vier Monaten in eine Phase explosiver Aktivität ein Japan | Vulkanausbruch | Vulkan | Welt,Ιαπωνία: Το ηφαίστειο Σακουρατζίμα «βρυχάται» ξανά με εκτόξευση τέφρας και στήλες καπνού χιλιάδων μέτρων,"Εισήλθε σε φάση εκρηκτικής δραστηριότητας για δεύτερη φορά σε τέσσερις μήνες, σύμφωνα με τη Μετεωρολογική Υπηρεσία της Ιαπωνίας | Ιαπωνία | Έκρηξη ηφαιστείου | Ηφαίστειο | Κόσμος","Japan: The Sakurajima volcano ""roars"" again, spewing ash and columns of smoke thousands of meters high. It entered a phase of explosive activity for the second time in four months, according to the Japan Meteorological Agency | Japan | Volcano Eruption | Volcano | World","Iaponia: Sakurajima vulcano ""rugire"" iterum, cinerem vomens et columnas fumi milia metrorum alta. Phase actionis explosivae secundo quattuor mensibus, secundum Iaponiae Meteorologicum Agency | Japan | Volcano Eruption | Volcano | Mundus",https://www.protothema.gr/world/article/1802391/iaponia-to-ifaisteio-sakouratzima-vruhatai-xana-me-ektoxeusi-tefras-kai-stiles-kapnou-hiliadon-metron/,https://www.protothema.gr/images/640x360share/jpg/files/2026-04-13/japan_volcano_maketa.jpg,,"To view this video please enable JavaScript, and consider upgrading to a
 web browser that supports HTML5 video",,2026-04-14 14:25:18+00:00,random,,,
