index,module,topic,color,feed,term,created,country,ratio,counter,pages,language,ipcc,continent
'26015c1155',extremes,Storm,#b3b2b1,wmo,κύμα καταιγίδας Κύπρος,2026-03-23T04:42:00+00:00,Cyprus,0.608483817775211,1,1,el,MED,Europe
'bab44a9ef3',extremes,Storm,#b3b2b1,wmo,καταιγίδα Κύπρος,2026-03-20T04:26:00+00:00,Cyprus,0.5787462161357488,1,1,el,MED,Europe
'f6a6e3a865',extremes,Earthquake,#870007,usgs,σεισμός ληξούρι,2026-03-21T04:17:00+00:00,Greece,0.4844452172590754,2,2,el,MED,Europe
'62084daeb0',extremes,Earthquake,#870007,random,σεισμός,2026-02-27T04:25:00+00:00,,0.4735868531569123,2,3,el,,
'250323c948',extremes,Thunderstorm,#53785a,wmo,κακοκαιρία σε νησιά βορειοανατολικού Αιγαίου,2026-02-18T04:34:00+00:00,Greece,0.4652121221069257,2,1,el,MED,Europe
'3ba62ce4f2',extremes,Earthquake,#870007,usgs,σεισμός ελλάδα,2026-03-01T04:34:00+00:00,Greece,0.4465939710397043,3,3,el,MED,Europe
'de3b36bacb',extremes,Thunderstorm,#53785a,random,έντονα καιρικά φαινόμενα,2026-03-04T04:20:00+00:00,,0.4462471848831506,5,2,el,,
'776fe47817',extremes,Wildfire,#d60d2b,random,πυρκαγιά,2026-02-18T04:33:00+00:00,,0.4428264043826956,4,3,el,,
'10a1d9dbe1',extremes,Precipitation,#d60d2b,wmo,βροχόπτωση ελλάδα,2026-03-20T04:26:00+00:00,Greece,0.438521205472277,2,1,el,MED,Europe
'c3d0e3b068',extremes,Snow&Ice,#d60d2b,random,πάγωμα,2026-02-15T04:34:00+00:00,,0.4359016282115247,2,3,el,,
'7fbbf3063b',extremes,Storm,#b3b2b1,wmo,κύμα καταιγίδας νησιά βορειοανατολικού Αιγαίου,2026-03-19T04:35:00+00:00,Greece,0.4346960184446451,2,1,el,MED,Europe
'20741ce7eb',extremes,Tsunami,#690191,random,τσουνάμι,2026-02-28T04:07:00+00:00,,0.4299551496689478,4,2,el,,
'15a9c61e3e',extremes,Landslide,#572c03,random,κατολίσθηση,2026-02-12T04:36:00+00:00,,0.4235854755062078,2,3,el,,
'247bcedc95',extremes,Thunderstorm,#53785a,wmo,χαλάζι Κύπρος,2026-03-19T04:35:00+00:00,Cyprus,0.422862853675714,3,1,el,MED,Europe
'9942e2b4c0',extremes,Precipitation,#d60d2b,wmo,βροχή ελλάδα,2026-03-20T04:26:00+00:00,Greece,0.4205605022480042,3,1,el,MED,Europe
'5f57bad8e2',extremes,Earthquake,#870007,usgs,σεισμός ζαχάρω,2026-03-20T04:26:00+00:00,Greece,0.417931148097911,2,2,el,MED,Europe
'b4cd8bfe1e',extremes,ice jam,#d60d2b,random,πλημμύρα,2026-03-15T04:44:00+00:00,,0.4154127328054597,2,1,el,,
'80462e91eb',extremes,Tropical Cyclone,#4f4f4f,random,κυκλώνας,2026-02-25T04:32:00+00:00,,0.4113349897840532,2,1,el,,
'4c8bd3e4d4',extremes,Insect Infestation,#d60d2b,random,ακρίδες,2026-03-08T04:24:00+00:00,,0.4108377271751379,3,1,el,,
'45480a05ce',extremes,Tropical Cyclone,#4f4f4f,random,τυφώνας,2026-02-26T04:28:00+00:00,,0.4070623872279066,2,2,el,,
'edd8cedd5a',extremes,Storm,#b3b2b1,wmo,καταιγίδα κρήτι,2026-03-20T04:26:00+00:00,Greece,0.3971961399302898,3,1,el,MED,Europe
'6cd3a5393b',extremes,Storm,#b3b2b1,wmo,καταιγίδα δυτική Πελοπόννησος,2026-03-19T04:35:00+00:00,Greece,0.3971778299553031,3,1,el,MED,Europe
'648c26f911',extremes,Drought,#edc291,edo,έλλειψη βροχής ελλάδα,2026-02-25T04:33:00+00:00,Greece,0.3920282576813159,2,1,el,MED,Europe
'09a1eac0c2',extremes,Thunderstorm,#53785a,wmo,κακοκαιρία ανατολική Μακεδονία,2026-03-05T04:24:00+00:00,Greece,0.3903570254364475,3,1,el,MED,Europe
'f9a3abc8c2',extremes,Landslide,#572c03,random,λάσπη,2026-02-27T04:25:00+00:00,,0.3897564746613582,2,1,el,,
'82d648b882',extremes,Drought,#edc291,random,ξηρασία,2026-03-23T04:41:00+00:00,,0.3886661297178246,1,2,el,,
'8b7268b4f8',extremes,Snow&Ice,#d60d2b,wmo,παγωνιά ανατολική Πελοπόννησος,2026-03-19T04:35:00+00:00,Greece,0.3886548537199345,3,1,el,MED,Europe
'fbaa1c52eb',extremes,Drought,#edc291,edo,ξηρασία Κύπρος,2026-03-05T04:24:00+00:00,Cyprus,0.3871321921399119,2,1,el,MED,Europe
'a63515cbd1',extremes,Thunderstorm,#53785a,wmo,καταιγίδα θρακή,2026-03-05T04:24:00+00:00,Greece,0.3860392020570219,3,1,el,MED,Europe
'5e28da80b6',extremes,Precipitation,#d60d2b,wmo,καταρρακτώδης βροχή κρίτι,2026-03-22T04:33:00+00:00,Greece,0.3855263816611336,2,1,el,MED,Europe
'7b6060eded',extremes,Earthquake,#870007,usgs,σεισμός ανθήρ,2026-03-15T04:44:00+00:00,Greece,0.3827945476410159,2,1,el,MED,Europe
'7b765a4d4c',extremes,Precipitation,#d60d2b,random,νεροποντή,2026-03-04T04:20:00+00:00,,0.3816607560623345,2,2,el,,
'5375aba0f4',extremes,Precipitation,#d60d2b,wmo,βροχόπτωση νησιά βορειοανατολικού Αιγαίου,2026-02-18T04:34:00+00:00,Greece,0.3795329740399162,2,1,el,MED,Europe
'2250822817',extremes,Earthquake,#870007,usgs,σεισμός παραμυθιά,2026-03-11T04:22:00+00:00,Greece,0.3762072577534571,4,2,el,MED,Europe
'84febdd06c',extremes,Thunderstorm,#53785a,random,καταιγίδα,2026-03-17T04:30:00+00:00,,0.3754962526138896,1,3,el,,
'5e91180ff4',extremes,Precipitation,#d60d2b,wmo,καταρρακτώδης βροχή νησιά βορειοανατολικού Αιγαίου,2026-02-20T04:27:00+00:00,Greece,0.3743473772983082,2,1,el,MED,Europe
'ba70aff664',extremes,Storm,#b3b2b1,wmo,καταιγίδα Κυκλάδες,2026-03-20T04:26:00+00:00,Greece,0.374178788985576,3,1,el,MED,Europe
'd5d7a11479',extremes,Drought,#edc291,edo,ξηρασία Κύπρος,2026-03-07T04:13:00+00:00,Cyprus,0.3706450002646856,2,1,el,MED,Europe
'491cc61ca3',extremes,Drought,#edc291,edo,ξηρασία ελλάδα,2026-03-06T04:21:00+00:00,Greece,0.3684337508002197,2,1,el,MED,Europe
'8c63bc9ca9',extremes,Precipitation,#d60d2b,wmo,καταρρακτώδης βροχή Κύπρος,2026-03-14T04:22:00+00:00,Cyprus,0.3675774709232574,4,1,el,MED,Europe
'6b7e025bb3',extremes,Storm,#b3b2b1,random,ανεμοστρόβιλος,2026-03-14T04:22:00+00:00,,0.3672087717081279,2,2,el,,
'af3396aaaf',extremes,Drought,#edc291,edo,ξηρασία Ελλάδα,2026-02-28T04:07:00+00:00,Greece,0.3671303412699143,3,1,el,MED,Europe
'82abc377db',extremes,Precipitation,#d60d2b,wmo,βροχή ιοννήσια,2026-03-19T04:35:00+00:00,Greece,0.3669600717003786,3,1,el,MED,Europe
'ab90cfcdd4',extremes,Drought,#edc291,edo,ξηρασία αλβανία,2026-03-11T04:22:00+00:00,Albania,0.3639750292565742,2,1,el,MED,Europe
'6fd5acddee',extremes,Storm,#b3b2b1,wmo,καταιγίδα ελλάδα,2026-03-19T04:35:00+00:00,Greece,0.363228149040424,4,1,el,MED,Europe
'0a98fdd376',extremes,Snow Avalanche,#deddd5,random,χιονοστιβάδα,2026-02-22T04:30:00+00:00,,0.3601314219326105,2,2,el,,
'08979c65d6',extremes,Snow&Ice,#d60d2b,wmo,παγωμένη Ελλάδα,2026-03-19T04:35:00+00:00,Greece,0.3594705247577528,4,1,el,MED,Europe
'f685d1f47f',extremes,Drought,#edc291,edo,ξηρασία Κύπρος,2026-02-28T04:07:00+00:00,Cyprus,0.3577538631642634,2,1,el,MED,Europe
'2212033574',extremes,Earthquake,#870007,usgs,σεισμός πύργος,2026-03-17T04:30:00+00:00,Greece,0.3529478948541958,2,1,el,MED,Europe
'ebf0baeb9e',extremes,Drought,#edc291,edo,ξηρασία αλβανία,2026-03-03T04:27:00+00:00,Albania,0.3524582205638144,3,1,el,MED,Europe
'4130a75ccf',extremes,Thunderstorm,#53785a,wmo,χαλάζι ελλάδα,2026-03-05T04:24:00+00:00,Greece,0.3503618189833924,4,1,el,MED,Europe
'1caafaca2a',extremes,Storm,#b3b2b1,wmo,κύμα καταιγίδας ελλάδα,2026-03-16T05:05:00+00:00,Greece,0.3499748655893456,4,1,el,MED,Europe
'7e303c7e63',extremes,Snow Avalanche,#deddd5,random,χιονοστιβάδα χιονιού,2026-03-08T04:24:00+00:00,,0.3478162684769785,2,2,el,,
'9797aa6299',extremes,Drought,#edc291,edo,έλλειψη βροχής Κύπρος,2026-03-10T04:22:00+00:00,Cyprus,0.3461205099934061,2,1,el,MED,Europe
'59b529f428',extremes,Thunderstorm,#53785a,random,χαλαζόπτωση,2026-03-05T04:23:00+00:00,,0.3446010603669904,2,2,el,,
'9f0423d739',extremes,Drought,#edc291,random,ξηρασία,2026-02-15T04:34:00+00:00,,0.3434322789684461,2,2,el,,
'6b6cc8fad6',extremes,Precipitation,#d60d2b,wmo,βροχόπτωση δυτική Πελοπόννησος,2026-03-19T04:35:00+00:00,Greece,0.3406394922735342,3,1,el,MED,Europe
'ea1c03418f',extremes,Snow&Ice,#d60d2b,random,χιονόνερο,2026-03-21T04:17:00+00:00,,0.3389071814654463,1,1,el,,
'e593608bfa',extremes,Snow&Ice,#d60d2b,random,χιόνι,2026-03-06T04:20:00+00:00,,0.3359638033167954,2,2,el,,
'bbe3e08bff',extremes,Earthquake,#870007,usgs,σεισμός λεβίδιον,2026-02-19T04:31:00+00:00,Greece,0.3340341927651162,2,1,el,MED,Europe
'e4c6e7d8c1',extremes,Earthquake,#870007,usgs,σεισμός ιεράπετρα,2026-02-22T04:30:00+00:00,Greece,0.3332752831172606,2,1,el,MED,Europe
'ccefefc59e',extremes,Drought,#edc291,random,αστραπιαία ξηρασία,2026-03-22T04:32:00+00:00,,0.3331456155057881,1,1,el,,
'80c06ab8a0',extremes,Cold Wave,#a7e9fa,random,πτώση της θερμοκρασίας,2026-03-06T04:20:00+00:00,,0.331113509445278,2,3,el,,
'b4b1c8c28e',extremes,Earthquake,#870007,usgs,σεισμός rodotópi,2026-03-09T04:30:00+00:00,Greece,0.3301171429537157,3,1,el,MED,Europe
'0a8e5743d9',extremes,Landslide,#572c03,random,κατολίσθηση,2026-03-21T04:17:00+00:00,,0.3241192356256303,2,1,el,,
'4d9577e33d',extremes,Volcano,#b83202,random,ηφαίστειο,2026-02-26T04:28:00+00:00,,0.3211575970164724,2,1,el,,
'd587c21e0d',extremes,Tropical Cyclone,#4f4f4f,random,τυφώνας,2026-03-01T04:34:00+00:00,,0.3200640679636456,3,1,el,,
'deaa4b70a0',extremes,Storm,#b3b2b1,random,αμμοθύελλα,2026-03-12T04:25:00+00:00,,0.3200266494312776,0,1,el,,
'84dfdca0f8',extremes,Thunderstorm,#53785a,random,χαλάζι,2026-02-21T04:17:00+00:00,,0.316511782777499,2,2,el,,
'dd6493c331',extremes,Storm,#b3b2b1,aidr,καταιγίδα αυστραλία,2026-03-19T04:35:00+00:00,Australia,0.3155352112691482,0,1,el,EAU,Oceania
'3dcf00005f',extremes,Drought,#edc291,edo,ξηρασία ελλάδα,2026-02-26T04:29:00+00:00,Greece,0.3117510079047776,3,1,el,MED,Europe
'8d4e6fcc3e',extremes,Snow&Ice,#d60d2b,random,χιονοθύελλα,2026-03-22T04:32:00+00:00,,0.3078389122815254,1,1,el,,
'7c4f1254ae',extremes,Earthquake,#870007,usgs,σεισμός Παλαιόχωρα,2026-03-16T05:04:00+00:00,Greece,0.3076941004094439,3,1,el,MED,Europe
'a01a4d5226',extremes,Storm,#b3b2b1,wmo,καταιγίδα βόρεια χώρα,2026-03-23T04:42:00+00:00,New Zealand,0.3074596024884795,0,1,el,NZ,Oceania
'fa9e452d04',extremes,Precipitation,#d60d2b,random,καταιγίδα,2026-03-16T05:04:00+00:00,,0.3073822308863808,2,2,el,,
'7d13279eb3',extremes,Storm,#b3b2b1,wmo,κύμα καταιγίδας Τζαμάικα,2026-03-07T04:12:00+00:00,Jamaica,0.3065645141806248,0,1,el,CAR,North-America
'829105287e',extremes,Storm,#b3b2b1,wmo,καταιγίδα Τζαμάικα,2026-03-22T04:33:00+00:00,Jamaica,0.3060953771816328,0,1,el,CAR,North-America
'4efc1e509e',extremes,Snow Avalanche,#deddd5,wmo,χιονοστιβάδα γαλλία,2026-03-17T04:30:00+00:00,France,0.3056138850173815,0,1,el,WCE,Europe
'80d50b76c6',extremes,Storm,#b3b2b1,wmo,κύμα καταιγίδας Σαουδική Αραβία,2026-03-18T04:36:00+00:00,Saudi Arabia,0.3055454582076882,0,1,el,ARP,Asia
'416d23061d',extremes,Snow Avalanche,#deddd5,wmo,χιονοστιβάδα jotunheimen,2026-03-17T04:30:00+00:00,Norway,0.305435834979508,0,1,el,NEU,Europe
'1ec98711db',extremes,Snow&Ice,#d60d2b,wmo,χιόνι Ισλανδία,2026-03-22T04:33:00+00:00,Iceland,0.3053209185049032,0,1,el,GIC,Europe
'7b864c9f0d',extremes,Precipitation,#d60d2b,wmo,καταρρακτώδης βροχή sierra,2026-03-08T04:24:00+00:00,Ecuador,0.3052542487106331,0,1,el,NWS,South-America
'fe5dc71b7f',extremes,Storm,#b3b2b1,wmo,καταιγίδα mendoza san carlos san rafael.,2026-03-14T04:22:00+00:00,Argentina,0.305211943439282,0,1,el,SES,South-America
'f63711b763',extremes,Snow Avalanche,#deddd5,wmo,χιονοστιβάδα sunnmøre,2026-03-19T04:35:00+00:00,Norway,0.3049235609937491,0,1,el,NEU,Europe
'a53b782c59',extremes,Snow&Ice,#d60d2b,wmo,παγωμένος Καναδάς,2026-03-20T04:26:00+00:00,Canada,0.3049227973235697,0,1,el,NEN,North-America
'e41bc42224',extremes,Precipitation,#d60d2b,wmo,βροχή Αίγυπτος,2026-03-14T04:22:00+00:00,Egypt,0.3048000414248212,0,1,el,SAH,Africa
'6b892b36d0',extremes,Storm,#b3b2b1,wmo,καταιγίδα περιοχή 1 – μέτρια,2026-03-10T04:22:00+00:00,Paraguay,0.3047981478663164,0,1,el,SES,South-America
'c6b220be22',extremes,Storm,#b3b2b1,wmo,καταιγίδα reg. 12 pampa patagonica sur,2026-03-16T05:05:00+00:00,Chile,0.3045926551817708,0,1,el,SWS,South-America
'8472a870e0',extremes,Snow&Ice,#d60d2b,wmo,παγωμένη Ισλανδία,2026-03-12T04:26:00+00:00,Iceland,0.304513426979815,0,1,el,GIC,Europe
'b313634312',extremes,Precipitation,#d60d2b,wmo,κατακρήμνιση mikoa ya lindi mtwara na ruvuma.,2026-03-14T04:22:00+00:00,Tanzania,0.3043944163608485,0,1,el,SEAF,Africa
'3af9fd3196',extremes,Precipitation,#d60d2b,wmo,κατακρήμνιση mendoza gral alvear san rafael.,2026-03-13T04:25:00+00:00,Argentina,0.3043589783727583,0,1,el,SES,South-America
'61a00c0855',extremes,Drought,#edc291,edo,ξηρότητα σουρινάμ,2026-03-04T04:21:00+00:00,Suriname,0.3042268524226613,0,1,el,NSA,South-America
'8d1767f806',extremes,Storm,#b3b2b1,wmo,κύμα καταιγίδας Ισλανδία,2026-03-19T04:35:00+00:00,Iceland,0.3041733795376384,0,1,el,GIC,Europe
'155c83286e',extremes,Precipitation,#d60d2b,wmo,βροχή χερσόνησος κορομάντελ,2026-03-11T04:22:00+00:00,New Zealand,0.3041346456438358,0,1,el,NZ,Oceania
'1f5ce6636c',extremes,Thunderstorm,#53785a,wmo,κακοκαιρία Μποτσουάνα,2026-03-23T04:42:00+00:00,Botswana,0.304092267143164,0,1,el,WSAF,Africa
'469687aa19',extremes,Drought,#edc291,edo,έλλειψη βροχής Αλβανία,2026-03-01T04:35:00+00:00,Albania,0.2980403477248541,2,1,el,MED,Europe
'363ce72927',extremes,Drought,#edc291,edo,ξηρασία αλβανία,2026-03-05T04:24:00+00:00,Albania,0.2951629235788204,2,1,el,MED,Europe
'c948617fef',extremes,Heat Wave,#c40202,random,ακραία έκθεση στη ζέστη,2026-02-26T04:28:00+00:00,,0.2864978260503917,2,1,el,,
'df7e5328ea',extremes,Cold Wave,#a7e9fa,random,κρύο ξόρκι,2026-03-11T04:21:00+00:00,,0.2862841727198845,2,1,el,,
'd2b5043a66',extremes,Cold Wave,#a7e9fa,random,η χαμηλότερη ελάχιστη θερμοκρασία,2026-03-13T04:24:00+00:00,,0.2860975435236508,2,1,el,,
'633ed59c63',extremes,Iceberg,#d60d2b,random,πάγος της Αρκτικής θάλασσας,2026-02-28T04:07:00+00:00,,0.2844911447454645,2,1,el,,
'e0f14a84be',extremes,Tropical Cyclone,#4f4f4f,random,εθνικό κέντρο τυφώνων,2026-03-01T04:34:00+00:00,,0.2831146576729464,2,1,el,,
'135f8534c2',extremes,Precipitation,#d60d2b,random,περισσότερη βροχόπτωση,2026-03-05T04:23:00+00:00,,0.2799255218162705,2,1,el,,
'5ea4d45f08',extremes,Tropical Cyclone,#4f4f4f,random,στεριά,2026-03-15T04:44:00+00:00,,0.2795318823741669,2,1,el,,
'69791e5a17',extremes,Flood,#030ba1,random,αστραπιαία πλημμύρα,2026-03-04T04:20:00+00:00,,0.278620207294538,2,1,el,,
'980a973102',extremes,Tropical Cyclone,#4f4f4f,random,κυκλώνας βόμβας,2026-03-07T04:12:00+00:00,,0.2777915114211355,2,1,el,,
'40f675561f',extremes,Heat Wave,#c40202,random,το πιο ζεστό καλοκαίρι,2026-03-09T04:30:00+00:00,,0.2759688157859886,2,1,el,,
'ce37661cdd',extremes,Cold Wave,#a7e9fa,random,η πιο κρύα μέρα,2026-03-18T04:35:00+00:00,,0.2702347485643395,1,1,el,,
'f3b91506ec',extremes,Cold Wave,#a7e9fa,random,ρεκόρ κρύου,2026-03-17T04:30:00+00:00,,0.2679053669771903,2,1,el,,
'0053afc92f',extremes,Volcano,#b83202,random,λαχάρ,2026-02-27T04:25:00+00:00,,0.2674627628770998,2,1,el,,
'83923f83ef',extremes,Storm,#b3b2b1,aidr,καταιγίδα αυστραλία,2026-03-17T04:31:00+00:00,Australia,0.2663344936836885,1,1,el,SAU,Oceania
'd59a7e48d7',extremes,Drought,#edc291,random,εξατμισοδιαπνοή,2026-03-03T04:26:00+00:00,,0.2644156229343417,2,1,el,,
'5ddc2bcd1c',extremes,Snow Avalanche,#deddd5,wmo,χιονοστιβάδα Ρωσία,2026-03-17T04:30:00+00:00,Russia,0.2631950569122133,1,1,el,ESB,Europe
'7df06bbaca',extremes,Tropical Cyclone,#4f4f4f,eonet,τροπικός κυκλώνας νάρελλα,2026-03-19T04:35:00+00:00,,0.2623723822126737,1,1,el,SPO,Pacific Ocean
'ac9b4f5444',extremes,Storm,#b3b2b1,wmo,κύμα καταιγίδας Αργεντινή,2026-03-17T04:30:00+00:00,Argentina,0.2615450879328289,1,1,el,SES,South-America
'6b471a0f5b',extremes,Storm,#b3b2b1,wmo,κύμα καταιγίδας νότια Αφρική,2026-03-01T04:35:00+00:00,South Africa,0.2611736445685301,1,1,el,WSAF,Africa
'c6ce45829e',extremes,Storm,#b3b2b1,wmo,κύμα καταιγίδας Βραζιλία,2026-03-02T04:27:00+00:00,Brazil,0.2609739224196309,1,1,el,SAM,South-America
'388a6dbadc',extremes,Storm,#b3b2b1,wmo,καταιγίδα αλγερία,2026-03-10T04:22:00+00:00,Algeria,0.2606290086602926,1,1,el,SAH,Africa
'8ae180c51e',extremes,Precipitation,#d60d2b,wmo,βροχόπτωση βραζιλία,2026-02-28T04:07:00+00:00,Brazil,0.2603808791890628,1,1,el,SAM,South-America
'24e7169f97',extremes,Storm,#b3b2b1,wmo,καταιγίδα Τρινιδάδ και Τομπάγκο,2026-03-04T04:20:00+00:00,Trinidad and Tobago,0.2599423339523512,1,1,el,NSA,North-America
'1405131905',extremes,Thunderstorm,#53785a,random,χαλάζι,2026-03-14T04:22:00+00:00,,0.2595277052463343,2,1,el,,
'9f6910b9f3',extremes,Precipitation,#d60d2b,wmo,καταρρακτώδης βροχή Σεϋχέλλες,2026-03-07T04:12:00+00:00,Seychelles,0.2594624212085967,1,1,el,EIO,Africa
'053bb10e09',extremes,Heat Wave,#c40202,random,ινδικό καλοκαίρι,2026-03-10T04:21:00+00:00,,0.2594359786068171,2,1,el,,
'4299cdd13a',extremes,Storm,#b3b2b1,wmo,καταιγίδα γκάνα,2026-02-18T04:34:00+00:00,Ghana,0.2593552604527763,1,1,el,WAF,Africa
'9bfe6adaf5',extremes,Snow Avalanche,#deddd5,wmo,χιονοστιβάδα τσετσενική δημοκρατία,2026-02-26T04:29:00+00:00,Russia,0.2592691266038304,1,1,el,ESB,Europe
'4bfa6ec544',extremes,Storm,#b3b2b1,wmo,κύμα καταιγίδας Παραγουάη,2026-02-22T04:30:00+00:00,Paraguay,0.2592499327239946,1,1,el,SES,South-America
'c893beb51c',extremes,Snow&Ice,#d60d2b,wmo,χιόνι kugaaruk,2026-02-21T04:18:00+00:00,Canada,0.2592292565891439,1,1,el,NEN,North-America
'f4865eec16',extremes,Snow&Ice,#d60d2b,wmo,ice paulatuk,2026-02-19T04:32:00+00:00,Canada,0.2592108753414628,1,1,el,NEN,North-America
'852eb2b733',extremes,Snow&Ice,#d60d2b,wmo,παγωμένη χερσόνησος Άβαλον νοτιοανατολικά,2026-02-21T04:18:00+00:00,Canada,0.2591752536806795,1,1,el,NEN,North-America
'68c5837832',extremes,Fog,#d60d2b,wmo,ομίχλη περιοχή Murmansk,2026-02-18T04:34:00+00:00,Russia,0.2591405185038741,1,1,el,ESB,Europe
'5a404b2b5a',extremes,Precipitation,#d60d2b,wmo,καταρρακτώδης βροχή Τανζανία,2026-02-23T04:37:00+00:00,Tanzania,0.2590994418382376,1,1,el,SEAF,Africa
'f2c0c2874a',extremes,Snow&Ice,#d60d2b,wmo,παγωμένο paulatuk,2026-02-22T04:30:00+00:00,Canada,0.2590761794738772,1,1,el,NEN,North-America
'b46d43381d',extremes,Snow&Ice,#d60d2b,wmo,χιόνι μεγάλη πτώση Winsor και γειτονιά,2026-02-21T04:18:00+00:00,Canada,0.2590464841136263,1,1,el,NEN,North-America
'0f4e772c66',extremes,Storm,#b3b2b1,wmo,καταιγίδα βόρειο μισό,2026-02-19T04:32:00+00:00,Ghana,0.2590276261825966,1,1,el,WAF,Africa
'9fe5b0338d',extremes,Fog,#d60d2b,wmo,ομίχλη κροατία,2026-03-01T04:35:00+00:00,Croatia,0.2589569869311409,1,1,el,WCE,Europe
'2180c0c4a1',extremes,Drought,#edc291,edo,έλλειψη βροχής Πολωνία,2026-03-04T04:21:00+00:00,Poland,0.2589481099940288,1,1,el,WCE,Europe
'649be03eb1',extremes,Storm,#b3b2b1,wmo,κύμα καταιγίδας περιοχή 1 – μέτρια,2026-02-20T04:27:00+00:00,Paraguay,0.2589455181408407,1,1,el,SES,South-America
'bd2a31b00c',extremes,Snow&Ice,#d60d2b,wmo,ice pickle lake cat lake,2026-02-21T04:18:00+00:00,Canada,0.2589142244252144,1,1,el,NEN,North-America
'f0f6b033ff',extremes,Precipitation,#d60d2b,wmo,βροχή Τανζανία,2026-02-23T04:37:00+00:00,Tanzania,0.2588167941363538,1,1,el,SEAF,Africa
'cb43c2bb0b',extremes,Heat Wave,#c40202,random,η θερμότερη χρονιά,2026-03-12T04:25:00+00:00,,0.2576296402822399,2,1,el,,
'9391f481ee',extremes,Storm,#b3b2b1,random,ανεμοθύελλα,2026-03-06T04:20:00+00:00,,0.2538168873473231,2,1,el,,
'95b2881221',extremes,Precipitation,#d60d2b,random,ατμοσφαιρικός ποταμός,2026-02-28T04:07:00+00:00,,0.2533396499885864,2,1,el,,
'f8a513bf41',extremes,Tropical Cyclone,#4f4f4f,random,medicane,2026-03-05T04:23:00+00:00,,0.2497556115403975,2,1,el,,
'59b5340b69',extremes,Precipitation,#d60d2b,random,μέτωπο του καιρού,2026-03-07T04:12:00+00:00,,0.249144000071818,2,1,el,,
'056bed0dad',extremes,Cold Wave,#a7e9fa,random,ο πιο κρύος χειμώνας,2026-03-01T04:34:00+00:00,,0.2461968497437581,2,1,el,,
'3e2894fd0c',extremes,Iceberg,#d60d2b,random,θαλάσσιος πάγος της Ανταρκτικής,2026-03-17T04:30:00+00:00,,0.2439329030963093,2,1,el,,
'560b05d603',extremes,Heat Wave,#c40202,random,κύμα καύσωνα,2026-03-17T04:30:00+00:00,,0.2435478651051454,2,1,el,,
'16aa48504a',extremes,Cold Wave,#a7e9fa,random,σταγόνες υδραργύρου,2026-03-12T04:25:00+00:00,,0.2408021473317848,2,1,el,,
'f90601fa23',extremes,Volcano,#b83202,random,έκρηξη ηφαιστείου,2026-02-21T04:17:00+00:00,,0.2393579789220319,2,1,el,,
'5b8cf400f9',extremes,Iceberg,#d60d2b,random,iceberg caving,2026-03-10T04:21:00+00:00,,0.2363942213845202,2,1,el,,
'1d33bbdbbe',extremes,Snow&Ice,#d60d2b,random,φυσώντας χιόνι,2026-02-28T04:07:00+00:00,,0.2356215040984892,2,1,el,,
'b24c0517bf',extremes,Cold Wave,#a7e9fa,random,βυθίσεις υδραργύρου,2026-03-12T04:25:00+00:00,,0.2314025370516321,2,1,el,,
'ae657332f9',extremes,Wildfire,#d60d2b,acwe,απαγόρευση πυρκαγιάς Νέα Νότια Ουαλία,2026-03-09T04:31:00+00:00,Australia,0.2306862011171322,2,1,el,EAU,Oceania
'e7d4154a2d',extremes,Heat Wave,#c40202,acwe,θερμό ξόρκι Τασμανία,2026-03-05T04:24:00+00:00,Australia,0.230652603936787,2,1,el,SAU,Oceania
'b0b9fae0fc',extremes,Precipitation,#d60d2b,acwe,ισχυρή βροχή Νέα Νότια Ουαλία,2026-03-09T04:31:00+00:00,Australia,0.2305199500482527,2,1,el,EAU,Oceania
'18c15bffdd',extremes,Wildfire,#d60d2b,acwe,πυρκαγιά στη Νέα Νότια Ουαλία,2026-03-08T04:25:00+00:00,Australia,0.2304973591793553,2,1,el,EAU,Oceania
'30406c7856',extremes,Flood,#030ba1,cmeter,πλημμύρες της Βραζιλίας,2026-03-07T04:13:00+00:00,Brazil,0.2303575435023067,2,1,el,SES,South-America
'd5b4afae1b',extremes,Precipitation,#d60d2b,acwe,υγρό ξόρκι τασμανία,2026-03-05T04:24:00+00:00,Australia,0.2303480960383102,2,1,el,SAU,Oceania
'eced4efa71',extremes,Tropical Cyclone,#4f4f4f,eonet,τροπικός κυκλώνας horacio,2026-02-21T04:17:00+00:00,,0.2301897736014971,2,1,el,SIO,Indian Ocean
'5acb09ddba',extremes,Iceberg,#d60d2b,eonet,παγόβουνο d32,2026-03-06T04:21:00+00:00,,0.2301022812468018,2,1,el,EAN,
'c2ae664a83',extremes,Iceberg,#d60d2b,eonet,παγόβουνο c18b,2026-03-06T04:21:00+00:00,,0.2300706971597685,2,1,el,EAN,
'feb1dafabf',extremes,Heat Wave,#c40202,acwe,ήπιος χειμώνας Νέα Νότια Ουαλία,2026-03-10T04:22:00+00:00,Australia,0.2299712430848454,2,1,el,EAU,Oceania
'403ad9bf40',extremes,Iceberg,#d60d2b,eonet,iceberg b22g,2026-03-06T04:21:00+00:00,Antarctica,0.2298713537931223,2,1,el,WAN,Antarctica
'67170bdf4e',extremes,Tropical Cyclone,#4f4f4f,eonet,τροπικός κυκλώνας 25s,2026-03-06T04:21:00+00:00,,0.229828831905682,2,1,el,SIO,Indian Ocean
'047f353885',extremes,Heat Wave,#c40202,acwe,καύσωνας στη δυτική Αυστραλία,2026-03-11T04:23:00+00:00,Australia,0.2289713888124644,2,1,el,CAU,Oceania
'eba0dae408',extremes,Iceberg,#d60d2b,eonet,παγόβουνο b15ab,2026-03-06T04:21:00+00:00,,0.2285212421631567,2,1,el,EAN,
'6bfd73020a',extremes,Tropical Cyclone,#4f4f4f,eonet,τροπικός κυκλώνας 26s,2026-03-07T04:12:00+00:00,,0.2279067163654127,2,1,el,NAU,Oceania
'f314bb7747',extremes,Flood,#030ba1,aidr,pluvial flooding australia,2026-02-26T04:29:00+00:00,Australia,0.2276631404901947,2,1,el,EAU,Oceania
'394fc47879',extremes,Tropical Cyclone,#4f4f4f,eonet,τροπικός κυκλώνας 24π,2026-03-06T04:21:00+00:00,,0.2275027847662257,2,1,el,NAU,Oceania
'ec6bc64ec7',extremes,Tropical Cyclone,#4f4f4f,eonet,τροπικός κυκλώνας urmil,2026-03-06T04:21:00+00:00,,0.227154429139034,2,1,el,SPO,Pacific Ocean
'ebe314dd99',extremes,Flood,#030ba1,aidr,έντονες βροχοπτώσεις και πλημμύρες Queensland Φεβρουάριος 2020,2026-03-01T04:35:00+00:00,Australia,0.2271470452721007,2,1,el,EAU,Oceania
'3fa143a609',extremes,Storm,#b3b2b1,random,χιονοθύελλα σκόνης,2026-03-09T04:30:00+00:00,,0.2267995560747245,2,1,el,,
'a5ff1cde4a',extremes,Drought,#edc291,random,υγρασία του εδάφους,2026-02-22T04:30:00+00:00,,0.2267146962098823,2,1,el,,
'81df5b3034',extremes,Storm,#b3b2b1,aidr,καταιγίδα βόρειο Σίδνεϊ χαλαζόπτωση 2017,2026-03-06T04:21:00+00:00,,0.2263415240940595,2,1,el,EAU,Oceania
'b8eb47bf7f',extremes,Heat Wave,#c40202,random,θόλος θερμότητας,2026-03-04T04:20:00+00:00,,0.2255337653634626,2,1,el,,
'628c910b11',extremes,Flood,#030ba1,aidr,πλημμύρα που πλημμυρίζει τη Νέα Νότια Ουαλία 2022,2026-02-23T04:37:00+00:00,Australia,0.2254250194108433,2,1,el,EAU,Oceania
'55459a4ab8',extremes,Drought,#edc291,edo,ξηρασία Λουξεμβούργο,2026-03-04T04:21:00+00:00,Luxembourg,0.2253290453189186,2,1,el,WCE,Europe
'0d261f252d',extremes,Storm,#b3b2b1,random,χειμωνιάτικη θύελλα,2026-03-11T04:21:00+00:00,,0.2244379528854034,2,1,el,,
'5aa8518160',extremes,Wildfire,#d60d2b,emdat,πυρκαγιά bezanga,2026-03-13T04:25:00+00:00,Central African Republic,0.224248803261634,2,1,el,CAF,Africa
'f7a0f1c060',extremes,Cold Wave,#a7e9fa,random,η πιο κρύα χρονιά,2026-03-05T04:23:00+00:00,,0.22423092063547,2,1,el,,
'0de7f7e548',extremes,Drought,#edc291,edo,ξηρασία Κένυα,2026-02-22T04:31:00+00:00,Kenya,0.2240010749419954,2,1,el,SEAF,Africa
'a1fcc33dde',extremes,Drought,#edc291,edo,ξηρασία Χονγκ Κονγκ,2026-02-25T04:33:00+00:00,Hong Kong,0.2237075210222458,2,1,el,EAS,Asia
'1c38b19449',extremes,Storm,#b3b2b1,random,μπολ σκόνης,2026-03-02T04:27:00+00:00,,0.2236627517463753,2,1,el,,
'3e5f311da7',extremes,Drought,#edc291,edo,ξηρασία Σάο Τομέ και Πρίνσιπε,2026-02-25T04:33:00+00:00,Sao Tome and Principe,0.2232716797564133,2,1,el,WAF,Africa
'e431c24ff6',extremes,Heat Wave,#c40202,wmo,κύμα καύσωνα Χιλή,2026-02-25T04:32:00+00:00,Chile,0.2232641322711118,2,1,el,SWS,South-America
'af5e4ac005',extremes,Drought,#edc291,edo,ξηρασία Δανία,2026-02-27T04:26:00+00:00,Denmark,0.2231279983757032,2,1,el,NEU,Europe
'69f6b18bc8',extremes,Drought,#edc291,edo,έλλειψη βροχής Μπαγκλαντές,2026-03-14T04:23:00+00:00,Bangladesh,0.22307293450428,2,1,el,SAS,Asia
'0d1e3addbf',extremes,Storm,#b3b2b1,wmo,καταιγίδα Βραζιλία,2026-03-01T04:35:00+00:00,Brazil,0.223069096037671,2,1,el,SAM,South-America
'7f426032e8',extremes,Drought,#edc291,edo,Ξηράδα Μπουτάν,2026-03-06T04:21:00+00:00,Bhutan,0.2229997536246969,2,1,el,TIB,Asia
'9e020e244e',extremes,Drought,#edc291,edo,ξηρασία Πολωνία,2026-03-11T04:22:00+00:00,Poland,0.2229534198183436,2,1,el,WCE,Europe
'93f18e9364',extremes,Heat Wave,#c40202,wmo,κύμα καύσωνα Αργεντινή,2026-03-03T04:27:00+00:00,Argentina,0.2228805557356627,2,1,el,SES,South-America
'96f0408faf',extremes,Drought,#edc291,edo,ξηρασία λεττονία,2026-02-25T04:33:00+00:00,Latvia,0.2226902399831792,2,1,el,WCE,Europe
'1a89155ed1',extremes,Drought,#edc291,edo,έλλειψη βροχής Σάο Τομέ και Πρίνσιπε,2026-03-03T04:27:00+00:00,Sao Tome and Principe,0.2226854834203902,2,1,el,WAF,Africa
'd98aa38709',extremes,Fog,#d60d2b,wmo,ομίχλη Σαουδική Αραβία,2026-02-28T04:07:00+00:00,Saudi Arabia,0.221973828954606,2,1,el,ARP,Asia
'7afee2724b',extremes,Drought,#edc291,edo,ξηρασία Δανία,2026-02-28T04:07:00+00:00,Denmark,0.2218538855523437,2,1,el,NEU,Europe
'f6ff301646',extremes,Drought,#edc291,edo,ξηρασία Σομαλία,2026-02-28T04:07:00+00:00,Somalia,0.2217786000350706,2,1,el,NEAF,Africa
'945465874b',extremes,Drought,#edc291,edo,ξηρασία τζιμπουτί,2026-03-07T04:13:00+00:00,Djibouti,0.221718089079718,2,1,el,NEAF,Africa
'7978d58b02',extremes,Precipitation,#d60d2b,wmo,βροχή Βραζιλία,2026-02-26T04:29:00+00:00,Brazil,0.2216940226727398,2,1,el,SAM,South-America
'ce9a11c9c9',extremes,Tropical Cyclone,#4f4f4f,aidr,Ο κυκλώνας του 2019 και ο σοβαρός τροπικός κυκλώνας βερόνικα,2026-02-23T04:37:00+00:00,Australia,0.2216858383932805,2,1,el,CAU,Oceania
'429800b7a4',extremes,Drought,#edc291,edo,ξηρασία νησιά Φερόες,2026-03-15T04:45:00+00:00,Faroe Islands,0.2216803444049274,2,1,el,NEU,Europe
'cf4f19d972',extremes,Cold Wave,#a7e9fa,wmo,παγωμένη Σαουδική Αραβία,2026-02-28T04:07:00+00:00,Saudi Arabia,0.2215900252914802,2,1,el,ARP,Asia
'74236bd182',extremes,Drought,#edc291,edo,έλλειψη βροχής Ισλανδία,2026-03-03T04:27:00+00:00,Iceland,0.2215833150181771,2,1,el,GIC,Europe
'8a654473a4',extremes,Drought,#edc291,edo,ξηρασία sao tome and principe,2026-03-10T04:22:00+00:00,Sao Tome and Principe,0.221579667154399,2,1,el,WAF,Africa
'0769f23236',extremes,Wildfire,#d60d2b,emdat,δασική πυρκαγιά χωριά ντουμπαμούδου,2026-03-14T04:23:00+00:00,Central African Republic,0.2215407235080997,2,1,el,CAF,Africa
'8abdb9b5f3',extremes,Landslide,#572c03,wmo,κατολίσθηση βράχου Νορβηγία,2026-02-25T04:32:00+00:00,Norway,0.221518835093244,2,1,el,NEU,Europe
'cf99db758d',extremes,Fog,#d60d2b,wmo,ομίχλη λατ,2026-02-28T04:07:00+00:00,Latvia,0.2215151176890464,2,1,el,WCE,Europe
'84a2fde8e0',extremes,Heat Wave,#c40202,wmo,κύμα καύσωνα Αυστραλία,2026-02-25T04:32:00+00:00,Australia,0.2215019679950612,2,1,el,CAU,Oceania
'0511e6ef31',extremes,Drought,#edc291,edo,Ξηρασία Εσθονία,2026-02-28T04:07:00+00:00,Estonia,0.221491246552545,2,1,el,NEU,Europe
'6c6666b2af',extremes,Precipitation,#d60d2b,wmo,βροχόπτωση Αργεντινή,2026-02-27T04:26:00+00:00,Argentina,0.2214280185922419,2,1,el,SES,South-America
'bd09b9486d',extremes,Drought,#edc291,edo,έλλειψη βροχής Τζιμπουτί,2026-02-25T04:33:00+00:00,Djibouti,0.2214037295023609,2,1,el,NEAF,Africa
'ae340540d6',extremes,Precipitation,#d60d2b,wmo,νεροποντή Αργεντινή,2026-02-27T04:26:00+00:00,Argentina,0.2213769254501018,2,1,el,SES,South-America
'e529bb6ac5',extremes,Precipitation,#d60d2b,wmo,βροχή Αργεντινή,2026-02-26T04:29:00+00:00,Argentina,0.2213565734043474,2,1,el,SES,South-America
'8bc0bfe218',extremes,Precipitation,#d60d2b,wmo,καταρρακτώδης βροχή Βραζιλία,2026-02-28T04:07:00+00:00,Brazil,0.221327804646086,2,1,el,SAM,South-America
'bed53cc600',extremes,Precipitation,#d60d2b,wmo,νεροποντή Βραζιλία,2026-02-25T04:32:00+00:00,Brazil,0.2212367413418293,2,1,el,SAM,South-America
'd61de81685',extremes,Storm,#b3b2b1,wmo,κύμα καταιγίδας Χιλή,2026-03-03T04:27:00+00:00,Chile,0.2211985819239978,2,1,el,SWS,South-America
'6fbc657cf9',extremes,Storm,#b3b2b1,wmo,καταιγίδα reg. 1 litoral,2026-03-17T04:30:00+00:00,Chile,0.2210212626633602,2,1,el,SWS,South-America
'80a1b6ba6b',extremes,Drought,#edc291,edo,ξηρασία βέλγιο,2026-03-02T04:27:00+00:00,Belgium,0.2209819594740344,2,1,el,WCE,Europe
'02711610b5',extremes,Storm,#b3b2b1,wmo,καταιγίδα Αργεντινή,2026-03-17T04:30:00+00:00,Argentina,0.2209601632719169,2,1,el,SES,South-America
'3894a694d1',extremes,Flood,#030ba1,aidr,αστραπιαία πλημμύρα Αυστραλία,2026-02-26T04:29:00+00:00,Australia,0.2208799322881545,2,1,el,EAU,Oceania
'c27e209239',extremes,Precipitation,#d60d2b,wmo,βροχή maeneo machache ya mkoa wa ruvuma.,2026-02-26T04:29:00+00:00,Tanzania,0.2208602834877252,2,1,el,SEAF,Africa
'd4757169ad',extremes,Tropical Cyclone,#4f4f4f,aidr,κυκλώνας κυκλώνας yasi Queensland 2011,2026-02-26T04:29:00+00:00,,0.2208512260517855,2,1,el,NAU,Oceania
'9fb2a0ec0f',extremes,Precipitation,#d60d2b,wmo,καταρρακτώδης βροχή maeneo machache ya mkoa wa ruvuma.,2026-02-22T04:30:00+00:00,Tanzania,0.2208286226267451,2,1,el,SEAF,Africa
'98db96b6de',extremes,Drought,#edc291,edo,ξηρασία λιθουανία,2026-03-06T04:21:00+00:00,Lithuania,0.2207380856464401,2,1,el,WCE,Europe
'b6a7c43ff9',extremes,Drought,#edc291,edo,ξηρότητα Μπαγκλαντές,2026-02-28T04:07:00+00:00,Bangladesh,0.2207293272609893,2,1,el,SAS,Asia
'931978a75d',extremes,Cold Wave,#a7e9fa,wmo,ψυχρό κύμα Σαουδική Αραβία,2026-02-28T04:07:00+00:00,Saudi Arabia,0.2207246294680691,2,1,el,ARP,Asia
'b40495b93f',extremes,Precipitation,#d60d2b,wmo,βροχόπτωση Νέα Ζηλανδία,2026-03-06T04:21:00+00:00,New Zealand,0.2205946647018258,2,1,el,NZ,Oceania
'20d3210be7',extremes,Heat Wave,#c40202,wmo,κύμα καύσωνα bernardo de irigoyen y alrededores,2026-02-22T04:30:00+00:00,Argentina,0.22058126557763,2,1,el,SES,South-America
'db0dc2e604',extremes,Precipitation,#d60d2b,wmo,βροχόπτωση Σεϋχέλλες,2026-03-12T04:26:00+00:00,Seychelles,0.2205698230977187,2,1,el,EIO,Africa
'97bdbea9e0',extremes,Precipitation,#d60d2b,wmo,καταρρακτώδης βροχή amazonía.,2026-03-04T04:20:00+00:00,Ecuador,0.2205530820390161,2,1,el,NWS,South-America
'0c9a570bb1',extremes,Storm,#b3b2b1,aidr,ανεμοστρόβιλος Murray river townships victoria 2013,2026-02-26T04:29:00+00:00,Australia,0.2205321944927688,2,1,el,SAU,Oceania
'b9576a4c93',extremes,Storm,#b3b2b1,wmo,καταιγίδα Τρινιντάντ και Τομπάγκο,2026-03-15T04:45:00+00:00,Trinidad and Tobago,0.2205017312728925,2,1,el,NSA,North-America
'ca1f8ee565',extremes,Drought,#edc291,edo,ξηρασία Νεπάλ,2026-03-04T04:21:00+00:00,Nepal,0.2204565539470954,2,1,el,TIB,Asia
'afc393e166',extremes,Precipitation,#d60d2b,wmo,βροχόπτωση νότια Αφρική,2026-02-23T04:37:00+00:00,South Africa,0.2203597112743427,2,1,el,WSAF,Africa
'ea0aa28870',extremes,Drought,#edc291,edo,έλλειψη βροχής Φινλανδία,2026-02-26T04:29:00+00:00,Finland,0.2202402654696479,2,1,el,NEU,Europe
'468d60ef3d',extremes,Snow&Ice,#d60d2b,wmo,παγωμένο καταφύγιο taloyoak gjoa,2026-02-21T04:18:00+00:00,Canada,0.2202334872761543,2,1,el,NEN,North-America
'b81a7e08cc',extremes,Precipitation,#d60d2b,wmo,νεροποντή santa elena.,2026-03-10T04:22:00+00:00,Ecuador,0.2202321511955963,2,1,el,NWS,South-America
'c6083600a3',extremes,Flood,#030ba1,acwe,υψηλή στάθμη νερού δυτική Αυστραλία,2026-03-10T04:22:00+00:00,Australia,0.2201913980206656,2,1,el,CAU,Oceania
'00dadb6ad1',extremes,Tropical Cyclone,#4f4f4f,aidr,κυκλώνας Αυστραλία,2026-02-26T04:29:00+00:00,Australia,0.2201810819800956,2,1,el,CAU,Oceania
'f1101350a4',extremes,Storm,#b3b2b1,wmo,καταιγίδα Χιλή,2026-02-25T04:32:00+00:00,Chile,0.2201391150548323,2,1,el,SWS,South-America
'10cef2007d',extremes,Storm,#b3b2b1,wmo,κύμα καταιγίδας περιοχή 2 – σοβαρή,2026-02-21T04:18:00+00:00,Paraguay,0.2201311733090968,2,1,el,SES,South-America
'ed6c88156a',extremes,Snow&Ice,#d60d2b,wmo,χιόνι νοτιοανατολική Ισλανδία,2026-02-23T04:37:00+00:00,Iceland,0.2199847500712196,2,1,el,GIC,Europe
'6be9519179',extremes,Cold Wave,#a7e9fa,random,ψυχρό κύμα,2026-03-12T04:25:00+00:00,,0.19511764137364007,3,1,el,,
'3a23ad42fe',extremes,Precipitation,#d60d2b,wmo,καταρρακτώδης βροχή Αργεντινή,2026-02-26T04:29:00+00:00,Argentina,0.1877096734187296,3,1,el,SES,South-America
