,phrase,label,sentiment,subjectivity,language,count
|,|,CARDINAL,,,en,76.40000000000006
today,today,DATE,,,en,75.20000000000003
two,two,CARDINAL,,,en,32.29999999999998
Saturday,Saturday,DATE,,,en,31.999999999999982
tomorrow,tomorrow,DATE,,,en,30.899999999999988
Bad,Bad,WORK_OF_ART,,,en,30.799999999999994
Sunday,Sunday,DATE,,,en,29.799999999999986
Friday,Friday,DATE,,,en,26.69999999999999
Thursday,Thursday,DATE,,,en,25.899999999999988
one,one,CARDINAL,,,en,24.29999999999999
Epirus,Epirus,NORP,,,en,24.199999999999992
Monday,Monday,DATE,,,en,23.4
Two,Two,CARDINAL,,,en,20.299999999999994
Tuesday,Tuesday,DATE,,,en,19.5
Iranian,Iranian,NORP,,,en,19.4
Wednesday,Wednesday,DATE,,,en,17.299999999999997
Today,Today,DATE,,,en,16.900000000000002
2025,2025,DATE,,,en,16.200000000000003
7,7,CARDINAL,,,en,16.1
morning,morning,TIME,,,en,15.9
yesterday,yesterday,DATE,,,en,15.600000000000003
noon,noon,TIME,,,en,15.5
6,6,CARDINAL,,,en,15.100000000000001
first,first,ORDINAL,,,en,12.600000000000001
10,10,CARDINAL,,,en,12.400000000000002
Greek,Greek,NORP,,,en,12.300000000000002
One,One,CARDINAL,,,en,11.700000000000003
winter,winter,DATE,,,en,11.600000000000001
second,second,ORDINAL,,,en,11.000000000000002
Santorini,Santorini,NORP,-0.1634542705971277,0.8897077349458301,en,10.699999999999998
the next few hours,the next few hours,TIME,,,en,10.500000000000002
9,9,CARDINAL,,,en,10.500000000000002
the weekend,the weekend,DATE,,,en,10.5
Dodecanese,Dodecanese,NORP,,,en,10.0
African,African,NORP,,,en,9.9
3,3,CARDINAL,,,en,9.3
French,French,NORP,,,en,9.100000000000001
5.3,5.3,CARDINAL,,,en,9.0
three,three,CARDINAL,,,en,9.0
Three,Three,CARDINAL,,,en,8.9
Weather:,Weather:,WORK_OF_ART,,,en,8.8
afternoon,afternoon,TIME,,,en,8.3
Ionian,Ionian,NORP,,,en,8.3
4,4,CARDINAL,,,en,8.0
4.1,4.1,CARDINAL,,,en,7.900000000000001
evening,evening,TIME,,,en,7.4
5,5,CARDINAL,,,en,7.200000000000001
the morning,the morning,TIME,,,en,7.1000000000000005
Weather,Weather,WORK_OF_ART,,,en,7.1000000000000005
the next few days,the next few days,DATE,,,en,7.000000000000001
4.8,4.8,CARDINAL,,,en,6.900000000000001
48 hours,48 hours,TIME,,,en,6.9
night,night,TIME,,,en,6.800000000000002
8,8,CARDINAL,,,en,6.800000000000002
the last few days,the last few days,DATE,,,en,6.700000000000001
112,112,CARDINAL,,,en,6.299999999999999
tonight,tonight,TIME,,,en,6.2
3.5,3.5,CARDINAL,,,en,6.100000000000001
4.4,4.4,CARDINAL,,,en,5.8
the morning hours,the morning hours,TIME,,,en,5.700000000000001
6.4,6.4,CARDINAL,,,en,5.5
Russian,Russian,NORP,,,en,5.5
6.8,6.8,CARDINAL,,,en,5.5
6.5,6.5,CARDINAL,,,en,5.300000000000001
Clean Monday,Clean Monday,EVENT,,,en,5.2
thousands,thousands,CARDINAL,,,en,5.1000000000000005
2026,2026,DATE,,,en,5.1000000000000005
5.1,5.1,CARDINAL,,,en,5.0
4.2,4.2,CARDINAL,,,en,4.7
17,17,CARDINAL,,,en,4.6
recent years,recent years,DATE,,,en,4.6
the afternoon,the afternoon,TIME,,,en,4.6
Wednesday night,Wednesday night,TIME,,,en,4.6
this morning,this morning,TIME,,,en,4.5
Attica,Attica,WORK_OF_ART,-0.006251993620414675,0.01393188854489165,en,4.4
3.7,3.7,CARDINAL,,,en,4.2
Agios,Agios,NORP,,,en,4.1
the National Observatory of Athens,the National Observatory of Athens,FAC,,,en,3.9000000000000004
3.3,3.3,CARDINAL,,,en,3.8
daily,daily,DATE,,,en,3.8
Asian,Asian,NORP,,,en,3.6999999999999997
Swiss,Swiss,NORP,,,en,3.6999999999999997
six,six,CARDINAL,,,en,3.6999999999999997
the Ionian Road,the Ionian Road,FAC,,,en,3.6999999999999997
Ukrainian,Ukrainian,NORP,,,en,3.6999999999999997
the coming days,the coming days,DATE,,,en,3.6999999999999997
millions,millions,CARDINAL,,,en,3.6999999999999997
the early hours of Monday,the early hours of Monday,TIME,,,en,3.6999999999999997
38,38,CARDINAL,,,en,3.6999999999999997
decades,decades,DATE,,,en,3.6
British,British,NORP,,,en,3.6
three days,three days,DATE,,,en,3.6
34,34,CARDINAL,,,en,3.5
Tonight,Tonight,TIME,,,en,3.5
2015,2015,DATE,,,en,3.5
New Year's Eve,New Year's Eve,EVENT,,,en,3.5
the evening,the evening,TIME,,,en,3.4999999999999996
American,American,NORP,,,en,3.4999999999999996
four,four,CARDINAL,,,en,3.4
10 kilometers,10 kilometers,QUANTITY,,,en,3.3
Five,Five,CARDINAL,,,en,3.3
Attiki,Attiki,PRODUCT,,,en,3.2
5 kilometers,5 kilometers,QUANTITY,,,en,3.0999999999999996
Paramythia,Paramythia,NORP,,,en,3.0999999999999996
at least 200,at least 200,CARDINAL,,,en,2.8
the New Year,the New Year,DATE,,,en,2.8
"850,000","850,000",CARDINAL,,,en,2.8
the early hours of Thursday,the early hours of Thursday,TIME,,,en,2.8
some fifty kilometers,some fifty kilometers,QUANTITY,,,en,2.8
Christmas,Christmas,DATE,,,en,2.8
three months,three months,DATE,,,en,2.8
46,46,CARDINAL,,,en,2.8
The week,The week,DATE,,,en,2.8
The Wire,The Wire,WORK_OF_ART,,,en,2.8
Strovolos,Strovolos,NORP,,,en,2.8
European,European,NORP,,,en,2.8
12,12,CARDINAL,,,en,2.8
half,half,CARDINAL,,,en,2.8
the morning and evening hours,the morning and evening hours,TIME,,,en,2.8
this weekend,this weekend,DATE,,,en,2.8
2003,2003,DATE,,,en,2.8
the early hours of Sunday,the early hours of Sunday,TIME,,,en,2.8
6.3,6.3,CARDINAL,,,en,2.8
Americans,Americans,NORP,,,en,2.8
the last few hours,the last few hours,TIME,,,en,2.8
five,five,CARDINAL,,,en,2.8
6.2,6.2,CARDINAL,,,en,2.8
the last 24 hours,the last 24 hours,TIME,,,en,2.7
| Weather | Bad,| Weather | Bad,WORK_OF_ART,,,en,2.7
February,February,DATE,,,en,2.7
a few hours,a few hours,TIME,,,en,2.7
The end of yesterday's,The end of yesterday's,DATE,,,en,2.6
year,year,DATE,,,en,2.6
21.1.26,21.1.26,CARDINAL,,,en,2.6
Halloween,Halloween,DATE,,,en,2.6
the early hours,the early hours,TIME,,,en,2.6
weekend,weekend,DATE,,,en,2.6
midday,midday,TIME,,,en,2.6
November,November,DATE,,,en,2.6
the next hours,the next hours,TIME,,,en,2.6
3.6,3.6,CARDINAL,,,en,2.6
the last two days,the last two days,DATE,,,en,2.6
midnight,midnight,TIME,,,en,2.6
zero,zero,CARDINAL,,,en,2.6
a few days,a few days,DATE,,,en,2.6
eight,eight,CARDINAL,,,en,2.5999999999999996
"today, Thursday","today, Thursday",DATE,,,en,2.5999999999999996
at least two,at least two,CARDINAL,,,en,2.5999999999999996
At least 25,At least 25,CARDINAL,,,en,2.5999999999999996
next week,next week,DATE,,,en,2.5
4.6,4.6,CARDINAL,,,en,2.4
New Year,New Year,EVENT,,,en,2.4
3.2,3.2,CARDINAL,,,en,2.4
the National Observatory,the National Observatory,FAC,,,en,2.4
4.7,4.7,CARDINAL,,,en,2.4
6 kilometers,6 kilometers,QUANTITY,,,en,2.4
Up to,Up to,CARDINAL,,,en,2.2
Ten,Ten,CARDINAL,,,en,2.2
21,21,CARDINAL,,,en,1.9
more than 3%,more than 3%,PERCENT,,,en,1.9
Penteli,Penteli,NORP,,,en,1.9
Sanazzaro,Sanazzaro,NORP,,,en,1.9
41,41,CARDINAL,,,en,1.9
third,third,ORDINAL,,,en,1.9
tomorrow Monday,tomorrow Monday,DATE,,,en,1.9
Tens of millions,Tens of millions,CARDINAL,,,en,1.9
recent days,recent days,DATE,,,en,1.9
Israeli,Israeli,NORP,,,en,1.9
Thousands,Thousands,CARDINAL,,,en,1.9
300 meters,300 meters,QUANTITY,,,en,1.9
New Year's Day,New Year's Day,EVENT,,,en,1.9
up to,up to,QUANTITY,,,en,1.9
tens of millions,tens of millions,MONEY,,,en,1.9
15 kilometers,15 kilometers,QUANTITY,,,en,1.9
Indian,Indian,NORP,,,en,1.9
5.6,5.6,CARDINAL,,,en,1.9
Mikrospilia,Mikrospilia,NORP,0.054761904761904755,0.7206349206349205,en,1.9
7.1,7.1,CARDINAL,,,en,1.9
Three days,Three days,DATE,,,en,1.9
ninth,ninth,ORDINAL,,,en,1.9
Airbnb,Airbnb,NORP,,,en,1.9
6.7,6.7,CARDINAL,,,en,1.9
the age of 62,the age of 62,DATE,,,en,1.9
2000,2000,DATE,,,en,1.9
2nd,2nd,ORDINAL,,,en,1.9
fourth,fourth,ORDINAL,,,en,1.9
5.8,5.8,CARDINAL,,,en,1.9
the day,the day,DATE,,,en,1.9
Italian,Italian,NORP,,,en,1.9
43rd,43rd,ORDINAL,,,en,1.9
Turkish,Turkish,NORP,,,en,1.9
hundreds of thousands,hundreds of thousands,CARDINAL,,,en,1.9
Violanda,Violanda,WORK_OF_ART,,,en,1.9
Pyrgos,Pyrgos,NORP,0.0,0.06250000000000001,en,1.9
seven,seven,CARDINAL,,,en,1.9
18 degrees,18 degrees,QUANTITY,,,en,1.9
Monday |,Monday |,DATE,,,en,1.9
20/3/2026,20/3/2026,CARDINAL,,,en,1.9
Chios,Chios,NORP,0.0261437908496732,0.05882352941176469,en,1.9
the end of the week,the end of the week,DATE,,,en,1.9
billions of dollars,billions of dollars,MONEY,,,en,1.9
31,31,CARDINAL,,,en,1.9
Flight,Flight,PRODUCT,,,en,1.9
1.3 meters,1.3 meters,QUANTITY,,,en,1.9
dozens,dozens,CARDINAL,,,en,1.9
2 degrees,2 degrees,QUANTITY,,,en,1.9
"today, Monday","today, Monday",DATE,,,en,1.9
the festive three days - Snow,the festive three days - Snow,DATE,,,en,1.9
29.1 kilometers,29.1 kilometers,QUANTITY,,,en,1.9
Saudi,Saudi,NORP,,,en,1.9
the early morning hours,the early morning hours,TIME,,,en,1.9
Hundreds,Hundreds,CARDINAL,,,en,1.9
29,29,CARDINAL,,,en,1.9
Cypriot,Cypriot,NORP,,,en,1.9
400 meters,400 meters,QUANTITY,,,en,1.9
"30,000","30,000",CARDINAL,,,en,1.9
the Platron - Trooditissa road,the Platron - Trooditissa road,FAC,,,en,1.9
550,550,CARDINAL,,,en,1.9
the previous days,the previous days,DATE,,,en,1.9
tomorrow -,tomorrow -,TIME,,,en,1.9
Cuban,Cuban,NORP,,,en,1.9
an hour,an hour,TIME,,,en,1.9
At least 200,At least 200,CARDINAL,,,en,1.9
"1,500","1,500",CARDINAL,,,en,1.8
Red Code,Red Code,WORK_OF_ART,,,en,1.8
31/1/26,31/1/26,CARDINAL,,,en,1.8
30 to 60 days,30 to 60 days,DATE,,,en,1.8
The last Sunday,The last Sunday,DATE,,,en,1.8
Halloween Sunday,Halloween Sunday,DATE,,,en,1.8
Over 140mm,Over 140mm,QUANTITY,,,en,1.8
Deadly,Deadly,PRODUCT,,,en,1.8
24 hours,24 hours,TIME,,,en,1.8
Aegean,Aegean,NORP,-0.009478672985781986,0.055292259083728285,en,1.8
Apocalypse,Apocalypse,WORK_OF_ART,,,en,1.8
Kalamata-Sparti highway,Kalamata-Sparti highway,FAC,,,en,1.7
recent decades,recent decades,DATE,,,en,1.7
the World Cup,the World Cup,EVENT,,,en,1.7
"200,000","200,000",CARDINAL,,,en,1.7
"today, Wednesday","today, Wednesday",DATE,,,en,1.7
Theodoriana Arta,Theodoriana Arta,FAC,,,en,1.7
Thessaloniki - Snowfall,Thessaloniki - Snowfall,EVENT,,,en,1.7
Western,Western,NORP,,,en,1.7
almost half,almost half,CARDINAL,,,en,1.7
one day,one day,DATE,,,en,1.7
the night,the night,TIME,,,en,1.7
Dozens,Dozens,CARDINAL,,,en,1.7
the three days,the three days,DATE,,,en,1.7
Weather | Bad,Weather | Bad,EVENT,,,en,1.7
Weather |,Weather |,EVENT,,,en,1.7
82 mm,82 mm,QUANTITY,,,en,1.7
2,2,CARDINAL,,,en,1.7
5.3 Richter,5.3 Richter,MONEY,,,en,1.7
Six,Six,CARDINAL,,,en,1.7
this afternoon,this afternoon,TIME,,,en,1.7
82,82,CARDINAL,,,en,1.7
Winter,Winter,DATE,,,en,1.7
tomorrow Sunday,tomorrow Sunday,DATE,,,en,1.7
at least 25,at least 25,CARDINAL,,,en,1.7
War,War,WORK_OF_ART,,,en,1.7
hundreds,hundreds,CARDINAL,,,en,1.6
late evening,late evening,TIME,,,en,1.3
442,442,CARDINAL,,,en,1.3
Almost 1 billion,Almost 1 billion,CARDINAL,,,en,1.3
10 degrees,10 degrees,QUANTITY,,,en,1.3
At least 23,At least 23,CARDINAL,,,en,1.1
about 70 meters,about 70 meters,QUANTITY,,,en,1.0
Taman,Taman,NORP,0.0,0.0,en,1.0
tomorrow Tuesday,tomorrow Tuesday,DATE,,,en,1.0
Pyrgo National Highway,Pyrgo National Highway,FAC,,,en,1.0
"Today, Wednesday","Today, Wednesday",DATE,,,en,1.0
the coordination center of the Fire Department,the coordination center of the Fire Department,FAC,,,en,1.0
Thessaloniki | Landslide | Rainfall | Greece,Thessaloniki | Landslide | Rainfall | Greece,EVENT,,,en,1.0
Fujairah ATP Challenger,Fujairah ATP Challenger,FAC,,,en,1.0
May,May,DATE,,,en,1.0
50,50,CARDINAL,,,en,1.0
Ferto,Ferto,WORK_OF_ART,,,en,1.0
Hurricane Akylas,Hurricane Akylas,EVENT,,,en,1.0
more than 4%,more than 4%,PERCENT,,,en,1.0
only 28,only 28,CARDINAL,,,en,1.0
"Tomorrow, Wednesday","Tomorrow, Wednesday",DATE,,,en,1.0
La Louviere | Sports,La Louviere | Sports,WORK_OF_ART,,,en,1.0
La Louviere | Snow | Belgium | Anderlecht,La Louviere | Snow | Belgium | Anderlecht,WORK_OF_ART,,,en,1.0
10 km | Russia,10 km | Russia,TIME,,,en,1.0
free fall,free fall,DATE,,,en,1.0
911,911,CARDINAL,,,en,1.0
half a meter,half a meter,QUANTITY,,,en,1.0
this year,this year,DATE,,,en,1.0
138,138,CARDINAL,,,en,1.0
Persian | Shipping | Attack,Persian | Shipping | Attack,EVENT,,,en,1.0
"Today, Sunday, February 15","Today, Sunday, February 15",DATE,,,en,1.0
Tsunami,Tsunami,WORK_OF_ART,,,en,1.0
4.1 Richter | Earthquake,4.1 Richter | Earthquake,QUANTITY,,,en,1.0
13:01 and two,13:01 and two,CARDINAL,,,en,1.0
half to a meter,half to a meter,QUANTITY,,,en,1.0
66th,66th,ORDINAL,,,en,1.0
tomorrow morning,tomorrow morning,TIME,,,en,1.0
F-16s,F-16s,PRODUCT,,,en,1.0
one year later,one year later,DATE,,,en,1.0
"More than 21,000","More than 21,000",CARDINAL,,,en,1.0
"21,000","21,000",CARDINAL,,,en,1.0
Iraqi,Iraqi,NORP,,,en,1.0
the National Observatory of Athens |,the National Observatory of Athens |,FAC,,,en,1.0
400m,400m,QUANTITY,,,en,1.0
Kilauea Volcano,Kilauea Volcano,FAC,,,en,1.0
the Messolonghi hospital,the Messolonghi hospital,FAC,,,en,1.0
Iran | World,Iran | World,EVENT,,,en,1.0
hour,hour,TIME,,,en,1.0
the tourist season,the tourist season,DATE,,,en,1.0
5:25 pm,5:25 pm,TIME,,,en,1.0
9.3 miles,9.3 miles,QUANTITY,,,en,1.0
the early hours of Tuesday,the early hours of Tuesday,TIME,,,en,1.0
Le Constellation',Le Constellation',WORK_OF_ART,,,en,1.0
29.8 km | Earthquake,29.8 km | Earthquake,QUANTITY,,,en,1.0
the dawn of Tuesday,the dawn of Tuesday,TIME,,,en,1.0
80%,80%,PERCENT,,,en,1.0
16/2/2026,16/2/2026,CARDINAL,,,en,1.0
the previous two days,the previous two days,DATE,,,en,1.0
EMY | Weather | Rains | Thunderstorms,EMY | Weather | Rains | Thunderstorms,PRODUCT,,,en,1.0
Naxos | Civil Protection |,Naxos | Civil Protection |,EVENT,,,en,1.0
24 hour,24 hour,TIME,,,en,1.0
16/02/206,16/02/206,CARDINAL,,,en,1.0
Nestani,Nestani,NORP,,,en,1.0
Glasgow Central Station,Glasgow Central Station,FAC,,,en,1.0
almost 24 hours,almost 24 hours,TIME,,,en,1.0
Iran | Guards of the Revolution | World,Iran | Guards of the Revolution | World,EVENT,,,en,1.0
the US Embassy,the US Embassy,FAC,,,en,1.0
Boiling,Boiling,PRODUCT,,,en,1.0
8 km,8 km,QUANTITY,,,en,1.0
Weather today:,Weather today:,WORK_OF_ART,,,en,1.0
18,18,CARDINAL,,,en,1.0
Spain | Bad,Spain | Bad,EVENT,,,en,1.0
several billions,several billions,CARDINAL,,,en,1.0
Chiknopempti | Change,Chiknopempti | Change,WORK_OF_ART,,,en,1.0
"the early hours of Sunday, March 8, 2026","the early hours of Sunday, March 8, 2026",TIME,,,en,1.0
1:31 am,1:31 am,TIME,,,en,1.0
"today, Tuesday","today, Tuesday",DATE,,,en,1.0
5 km,5 km,QUANTITY,,,en,1.0
3.4,3.4,CARDINAL,,,en,1.0
Bad Weather - Giorgos Tsatrafillias: Rains,Bad Weather - Giorgos Tsatrafillias: Rains,WORK_OF_ART,,,en,1.0
Sunday morning,Sunday morning,TIME,,,en,1.0
a 1920s,a 1920s,DATE,,,en,1.0
192,192,CARDINAL,,,en,1.0
the next 20 days,the next 20 days,DATE,,,en,1.0
the end of the year,the end of the year,DATE,,,en,1.0
early in the morning,early in the morning,TIME,,,en,1.0
05:30,05:30,TIME,,,en,1.0
last July,last July,DATE,,,en,1.0
"tomorrow, Saturday, March 7","tomorrow, Saturday, March 7",DATE,,,en,1.0
19:26,19:26,CARDINAL,,,en,1.0
Parikiakia,Parikiakia,WORK_OF_ART,,,en,1.0
At least four,At least four,CARDINAL,,,en,1.0
Cypriots,Cypriots,NORP,,,en,1.0
07:40,07:40,TIME,,,en,1.0
06:30 on Saturday morning,06:30 on Saturday morning,TIME,,,en,1.0
"January 16, 2026","January 16, 2026",DATE,,,en,1.0
this moment,this moment,TIME,,,en,1.0
Hungarians,Hungarians,NORP,,,en,1.0
Tropical Storm,Tropical Storm,WORK_OF_ART,,,en,1.0
"today, Saturday, March 7","today, Saturday, March 7",DATE,,,en,1.0
about 400 meters,about 400 meters,QUANTITY,,,en,1.0
the Winter Olympics,the Winter Olympics,EVENT,,,en,1.0
44 kilometers,44 kilometers,QUANTITY,,,en,1.0
Aqdasiyeh,Aqdasiyeh,NORP,,,en,1.0
15,15,CARDINAL,,,en,1.0
9 degrees,9 degrees,QUANTITY,,,en,1.0
at least 31,at least 31,CARDINAL,,,en,1.0
156 kilometers,156 kilometers,QUANTITY,,,en,1.0
Coltan Rumbaya,Coltan Rumbaya,FAC,,,en,1.0
Second,Second,ORDINAL,,,en,1.0
6 o'clock this morning,6 o'clock this morning,TIME,,,en,1.0
6 o'clock,6 o'clock,TIME,,,en,1.0
Argos-Corinth highway,Argos-Corinth highway,FAC,,,en,1.0
28,28,CARDINAL,,,en,1.0
Arta highway,Arta highway,FAC,,,en,1.0
About ten hectares,About ten hectares,QUANTITY,,,en,1.0
7-8/3,7-8/3,DATE,,,en,1.0
late at night,late at night,TIME,,,en,1.0
Zakynthos: Landslides in Agia,Zakynthos: Landslides in Agia,WORK_OF_ART,,,en,1.0
the Trade Agreement,the Trade Agreement,LAW,,,en,1.0
"today, Wednesday, February 18","today, Wednesday, February 18",DATE,,,en,1.0
Thursday 5/3,Thursday 5/3,DATE,,,en,1.0
Port-Olry,Port-Olry,FAC,,,en,1.0
05:32,05:32,DATE,,,en,1.0
France | Bad,France | Bad,EVENT,,,en,1.0
| Argolida | Traffic,| Argolida | Traffic,FAC,,,en,1.0
6.21 miles,6.21 miles,QUANTITY,,,en,1.0
6.6,6.6,CARDINAL,,,en,1.0
Storm Nils,Storm Nils,WORK_OF_ART,,,en,1.0
"about 850,000","about 850,000",CARDINAL,,,en,1.0
70,70,CARDINAL,,,en,1.0
more than 100 miles per hour,more than 100 miles per hour,QUANTITY,,,en,1.0
Tselentis,Tselentis,NORP,,,en,1.0
SKAI,SKAI,WORK_OF_ART,,,en,1.0
| Earthquake | Earthquake,| Earthquake | Earthquake,WORK_OF_ART,,,en,1.0
11 km,11 km,QUANTITY,,,en,1.0
1.25,1.25,CARDINAL,,,en,1.0
the late afternoon,the late afternoon,TIME,,,en,1.0
the beginning of the day,the beginning of the day,DATE,,,en,1.0
Spring days,Spring days,DATE,,,en,1.0
15 km,15 km,QUANTITY,,,en,1.0
ten,ten,CARDINAL,,,en,1.0
95 kilometers,95 kilometers,QUANTITY,,,en,1.0
Weather today,Weather today,WORK_OF_ART,,,en,1.0
the midday hours,the midday hours,TIME,,,en,1.0
more than 40 million,more than 40 million,CARDINAL,,,en,1.0
Rome International Airport,Rome International Airport,FAC,,,en,1.0
about 7:30 p.m.,about 7:30 p.m.,TIME,,,en,1.0
More than 50 cm,More than 50 cm,QUANTITY,,,en,1.0
a decade,a decade,DATE,,,en,1.0
Ninth,Ninth,ORDINAL,,,en,1.0
4.8 Richter,4.8 Richter,MONEY,,,en,1.0
"more than 600,000","more than 600,000",CARDINAL,,,en,1.0
the next 10 days,the next 10 days,DATE,,,en,1.0
March 12,March 12,DATE,,,en,1.0
Tomorrow,Tomorrow,DATE,,,en,1.0
more than 200 square meters,more than 200 square meters,QUANTITY,,,en,1.0
"55,000","55,000",MONEY,,,en,1.0
1869,1869,DATE,,,en,1.0
Sicilian,Sicilian,NORP,,,en,1.0
More than 5000,More than 5000,CARDINAL,,,en,1.0
Hydra,Hydra,FAC,,,en,1.0
2013,2013,DATE,,,en,1.0
1 km,1 km,QUANTITY,,,en,1.0
0.62 mi,0.62 mi,QUANTITY,,,en,1.0
about 93 km,about 93 km,QUANTITY,,,en,1.0
03:35,03:35,TIME,,,en,1.0
2027,2027,DATE,,,en,1.0
5.7,5.7,CARDINAL,,,en,1.0
years,years,DATE,,,en,1.0
17:00 in the afternoon,17:00 in the afternoon,TIME,,,en,1.0
"more than 3,000","more than 3,000",CARDINAL,,,en,1.0
80km/h,80km/h,QUANTITY,,,en,1.0
all night,all night,TIME,,,en,1.0
the Morning Edition of ASTRA,the Morning Edition of ASTRA,TIME,,,en,1.0
21:00 on Sunday night,21:00 on Sunday night,TIME,,,en,1.0
11:00 today,11:00 today,TIME,,,en,1.0
December 2024,December 2024,DATE,,,en,1.0
450,450,CARDINAL,,,en,1.0
29 years,29 years,DATE,,,en,1.0
about 10 km,about 10 km,QUANTITY,,,en,1.0
21:00,21:00,TIME,,,en,1.0
the Ruwais Industrial Complex,the Ruwais Industrial Complex,FAC,,,en,1.0
"title=""4.2","title=""4.2",NORP,,,en,1.0
414 km,414 km,QUANTITY,,,en,1.0
30,30,CARDINAL,,,en,1.0
March,March,DATE,,,en,1.0
the beginning of the season,the beginning of the season,DATE,,,en,1.0
1 pm,1 pm,TIME,,,en,1.0
5.9,5.9,CARDINAL,,,en,1.0
March - Giorgos,March - Giorgos,DATE,,,en,1.0
"55,000 euros","55,000 euros",MONEY,,,en,1.0
the last 10,the last 10,DATE,,,en,1.0
5.5,5.5,CARDINAL,,,en,1.0
Crans,Crans,NORP,,,en,1.0
a State of Emergency - Damage,a State of Emergency - Damage,EVENT,,,en,1.0
Juiz de Fora,Juiz de Fora,FAC,,,en,1.0
163,163,CARDINAL,,,en,1.0
almost 2.5 years,almost 2.5 years,DATE,,,en,1.0
"tomorrow, Thursday, February 26","tomorrow, Thursday, February 26",DATE,,,en,1.0
the 80s,the 80s,DATE,,,en,1.0
3 trillion market dollars,3 trillion market dollars,MONEY,,,en,1.0
around 3 trillion,around 3 trillion,MONEY,,,en,1.0
2008,2008,DATE,,,en,1.0
2 Weeks Ago,2 Weeks Ago,DATE,,,en,1.0
Daniel | Karditsa | Greece,Daniel | Karditsa | Greece,PRODUCT,,,en,1.0
About 440,About 440,CARDINAL,,,en,1.0
Almost two and a half years,Almost two and a half years,CARDINAL,,,en,1.0
Thessalian,Thessalian,NORP,,,en,1.0
"tomorrow, Wednesday, February 25","tomorrow, Wednesday, February 25",DATE,,,en,1.0
At least 22,At least 22,CARDINAL,,,en,1.0
4.9,4.9,CARDINAL,,,en,1.0
Gulf Arab,Gulf Arab,NORP,,,en,1.0
Only 1km Focal Depth,Only 1km Focal Depth,QUANTITY,,,en,1.0
6.1,6.1,CARDINAL,,,en,1.0
8 million,8 million,CARDINAL,,,en,1.0
early Friday,early Friday,DATE,,,en,1.0
Norwegians,Norwegians,NORP,,,en,1.0
7 to 28 cm,7 to 28 cm,QUANTITY,,,en,1.0
Humidity | Rains | Water | Greece,Humidity | Rains | Water | Greece,EVENT,,,en,1.0
| Avalanche | Italy | Skier | Children | World,| Avalanche | Italy | Skier | Children | World,WORK_OF_ART,,,en,1.0
Filiatra,Filiatra,NORP,,,en,1.0
Sahara,Sahara,FAC,0.0,0.0,en,1.0
12.2 kilometers,12.2 kilometers,QUANTITY,,,en,1.0
Glasgow - Railway,Glasgow - Railway,FAC,,,en,1.0
20-02-2026,20-02-2026,DATE,,,en,1.0
the New Democracy,the New Democracy,LAW,,,en,1.0
"Saturday, February 21","Saturday, February 21",DATE,,,en,1.0
up to 160 kilometers,up to 160 kilometers,QUANTITY,,,en,1.0
Superfund,Superfund,LAW,,,en,1.0
60%,60%,PERCENT,,,en,1.0
80 tons,80 tons,QUANTITY,,,en,1.0
200,200,CARDINAL,,,en,1.0
Saturday - Epi,Saturday - Epi,DATE,,,en,1.0
Victorian Station,Victorian Station,FAC,,,en,1.0
at least 29,at least 29,CARDINAL,,,en,1.0
16,16,CARDINAL,,,en,1.0
the early hours of Wednesday,the early hours of Wednesday,TIME,,,en,1.0
03:00,03:00,TIME,,,en,1.0
Dubai International Airport,Dubai International Airport,FAC,,,en,1.0
Android,Android,PRODUCT,,,en,1.0
about five kilometers,about five kilometers,QUANTITY,,,en,1.0
400,400,CARDINAL,,,en,1.0
Castle Peak,Castle Peak,FAC,,,en,1.0
Thermaikos,Thermaikos,NORP,,,en,1.0
January 25,January 25,DATE,,,en,1.0
more than 180,more than 180,CARDINAL,,,en,1.0
up to 5 years,up to 5 years,DATE,,,en,1.0
six to seven minutes,six to seven minutes,TIME,,,en,1.0
Last winter,Last winter,DATE,,,en,1.0
a 300 km,a 300 km,QUANTITY,,,en,1.0
Mamdani,Mamdani,PRODUCT,,,en,1.0
fifth,fifth,ORDINAL,,,en,1.0
the first days,the first days,DATE,,,en,1.0
60cm,60cm,QUANTITY,,,en,1.0
9th,9th,ORDINAL,,,en,1.0
six to seven days,six to seven days,DATE,,,en,1.0
the two days,the two days,DATE,,,en,1.0
six kilometers,six kilometers,QUANTITY,,,en,1.0
Bible,Bible,WORK_OF_ART,,,en,1.0
| Winter,| Winter,DATE,,,en,1.0
Miracle,Miracle,WORK_OF_ART,,,en,1.0
two meters,two meters,QUANTITY,,,en,1.0
633 kilometers,633 kilometers,QUANTITY,,,en,1.0
Iran | USA,Iran | USA,EVENT,,,en,1.0
the last minute,the last minute,TIME,,,en,1.0
56 kilometers,56 kilometers,QUANTITY,,,en,1.0
Slovak,Slovak,NORP,,,en,1.0
Shrove Sunday,Shrove Sunday,DATE,,,en,1.0
March 4,March 4,DATE,,,en,1.0
3.9,3.9,CARDINAL,,,en,1.0
79km,79km,QUANTITY,,,en,1.0
Austria: The snow,Austria: The snow,WORK_OF_ART,,,en,1.0
100 km/h,100 km/h,QUANTITY,,,en,1.0
7:30 p.m.,7:30 p.m.,TIME,,,en,1.0
16 kilometers,16 kilometers,QUANTITY,,,en,1.0
Pindos,Pindos,NORP,,,en,1.0
Naiadon street,Naiadon street,FAC,,,en,1.0
| Clean,| Clean,DATE,,,en,1.0
13.8 kilometers,13.8 kilometers,QUANTITY,,,en,1.0
78.6 mm,78.6 mm,QUANTITY,,,en,1.0
The sunny days of spring,The sunny days of spring,DATE,,,en,1.0
Ilias Tower,Ilias Tower,FAC,,,en,1.0
MacBook Pro,MacBook Pro,PRODUCT,,,en,1.0
62,62,CARDINAL,,,en,1.0
Austrian,Austrian,NORP,,,en,1.0
Wednesday 4 February,Wednesday 4 February,DATE,,,en,1.0
30cm,30cm,QUANTITY,,,en,1.0
First,First,ORDINAL,,,en,1.0
5.1 about ten minutes later,5.1 about ten minutes later,TIME,,,en,1.0
10:18 a.m.,10:18 a.m.,TIME,,,en,1.0
about ten minutes later,about ten minutes later,TIME,,,en,1.0
Europe,Europe,PRODUCT,-0.08183183183183183,0.17267267267267267,en,1.0
| Netherlands,| Netherlands,DATE,,,en,1.0
Thursday morning,Thursday morning,TIME,,,en,1.0
| Weather | Epirus,| Weather | Epirus,WORK_OF_ART,,,en,1.0
44C,44C,CARDINAL,,,en,1.0
30 thousand,30 thousand,CARDINAL,,,en,1.0
the next few days -,the next few days -,DATE,,,en,1.0
2019,2019,DATE,,,en,1.0
33,33,CARDINAL,,,en,1.0
Two months',Two months',DATE,,,en,1.0
two days,two days,DATE,,,en,1.0
20,20,CARDINAL,,,en,1.0
At least 28,At least 28,CARDINAL,,,en,1.0
"Thursday January 8, 2026","Thursday January 8, 2026",DATE,,,en,1.0
"yesterday, Thursday, January 8","yesterday, Thursday, January 8",DATE,,,en,1.0
Heroes' Square,Heroes' Square,FAC,,,en,1.0
The hottest year,The hottest year,DATE,,,en,1.0
sunniest year,sunniest year,DATE,,,en,1.0
$5 billion,$5 billion,MONEY,,,en,1.0
The New Year's Eve,The New Year's Eve,EVENT,,,en,1.0
Syntagma Square |,Syntagma Square |,FAC,,,en,1.0
New Year's Weather,New Year's Weather,EVENT,,,en,1.0
2026 - Freezing,2026 - Freezing,QUANTITY,,,en,1.0
The day of,The day of,DATE,,,en,1.0
New Year's Weather: Footprint for 2026,New Year's Weather: Footprint for 2026,EVENT,,,en,1.0
"Today, New Year's Day","Today, New Year's Day",DATE,,,en,1.0
the first day,the first day,DATE,,,en,1.0
the new year,the new year,DATE,,,en,1.0
| Weather | Frost | Shelly | Frost | Greece,| Weather | Frost | Shelly | Frost | Greece,WORK_OF_ART,,,en,1.0
New Year's,New Year's,EVENT,,,en,1.0
summer,summer,DATE,,,en,1.0
-16.3 degrees,-16.3 degrees,QUANTITY,,,en,1.0
annual,annual,DATE,,,en,1.0
months,months,DATE,,,en,1.0
"today, Friday, January 2","today, Friday, January 2",DATE,,,en,1.0
Mexico | Earthquake | World,Mexico | Earthquake | World,EVENT,,,en,1.0
7-8 degrees - Thodoris Kolidas,7-8 degrees - Thodoris Kolidas,QUANTITY,,,en,1.0
10 km,10 km,QUANTITY,,,en,1.0
"tomorrow, Wednesday, December 31","tomorrow, Wednesday, December 31",DATE,,,en,1.0
around 8 pm,around 8 pm,TIME,,,en,1.0
08 degrees,08 degrees,QUANTITY,,,en,1.0
at least nine,at least nine,CARDINAL,,,en,1.0
the past week,the past week,DATE,,,en,1.0
Eight,Eight,CARDINAL,,,en,1.0
last weekend,last weekend,DATE,,,en,1.0
6 to 8 degrees,6 to 8 degrees,QUANTITY,,,en,1.0
Cyprus - Cold,Cyprus - Cold,EVENT,,,en,1.0
last Sunday night,last Sunday night,TIME,,,en,1.0
Today Monday,Today Monday,DATE,,,en,1.0
77 kilometers,77 kilometers,QUANTITY,,,en,1.0
| Ski,| Ski,EVENT,,,en,1.0
| Snow,| Snow,WORK_OF_ART,,,en,1.0
today | Winter,today | Winter,DATE,,,en,1.0
the early hours of the morning,the early hours of the morning,TIME,,,en,1.0
more than 60,more than 60,CARDINAL,,,en,1.0
At least 21,At least 21,CARDINAL,,,en,1.0
at least 21,at least 21,CARDINAL,,,en,1.0
Gul Plaza,Gul Plaza,FAC,,,en,1.0
06,06,CARDINAL,,,en,1.0
a few kilometers,a few kilometers,QUANTITY,,,en,1.0
Tuesday 1/20,Tuesday 1/20,DATE,,,en,1.0
Four-day,Four-day,DATE,,,en,1.0
140km,140km,QUANTITY,,,en,1.0
75%,75%,PERCENT,,,en,1.0
Four,Four,CARDINAL,,,en,1.0
Snow |,Snow |,WORK_OF_ART,,,en,1.0
the week | Weather | Cold | Greece,the week | Weather | Cold | Greece,DATE,,,en,1.0
the National Observatory of Athens / meteo.gr,the National Observatory of Athens / meteo.gr,FAC,,,en,1.0
18s,18s,DATE,,,en,1.0
Drama Fort,Drama Fort,FAC,,,en,1.0
"Saturday, January 10","Saturday, January 10",DATE,,,en,1.0
January 18,January 18,DATE,,,en,1.0
the age of 50,the age of 50,DATE,,,en,1.0
Two weeks,Two weeks,DATE,,,en,1.0
Less than two weeks,Less than two weeks,DATE,,,en,1.0
10%,10%,PERCENT,,,en,1.0
the second half of January | Weather,the second half of January | Weather,DATE,,,en,1.0
Iranians,Iranians,NORP,,,en,1.0
cold weekend,cold weekend,DATE,,,en,1.0
19.3 kilometers,19.3 kilometers,QUANTITY,,,en,1.0
04-01-2026,04-01-2026,DATE,,,en,1.0
Tzoumerka,Tzoumerka,NORP,0.0,0.08130081300813008,en,1.0
45 millimeters,45 millimeters,QUANTITY,,,en,1.0
days,days,DATE,,,en,1.0
| Weather | Thunderstorms | Hail | Ministry of Civil Protection | Greece,| Weather | Thunderstorms | Hail | Ministry of Civil Protection | Greece,WORK_OF_ART,,,en,1.0
the next 48 hours,the next 48 hours,TIME,,,en,1.0
Year,Year,DATE,,,en,1.0
Google,Google,WORK_OF_ART,,,en,1.0
Greeks,Greeks,NORP,,,en,1.0
Annual,Annual,DATE,,,en,1.0
two-day,two-day,DATE,,,en,1.0
76 millimeters,76 millimeters,QUANTITY,,,en,1.0
one and a half minutes,one and a half minutes,TIME,,,en,1.0
6 in the afternoon - How,6 in the afternoon - How,TIME,,,en,1.0
350,350,CARDINAL,,,en,1.0
4.3,4.3,CARDINAL,,,en,1.0
about 113 kilometers,about 113 kilometers,QUANTITY,,,en,1.0
265 millimeters,265 millimeters,QUANTITY,,,en,1.0
100 millimeters,100 millimeters,QUANTITY,,,en,1.0
110,110,CARDINAL,,,en,1.0
| Precipitation,| Precipitation,TIME,,,en,1.0
the roughest days,the roughest days,DATE,,,en,1.0
Nearly 700,Nearly 700,CARDINAL,,,en,1.0
700,700,CARDINAL,,,en,1.0
"More than 1,000","More than 1,000",CARDINAL,,,en,1.0
"December 1, 2025","December 1, 2025",DATE,,,en,1.0
the spring of 2024,the spring of 2024,DATE,,,en,1.0
Vonitsa,Vonitsa,WORK_OF_ART,,,en,1.0
Albania: Biblical,Albania: Biblical,WORK_OF_ART,,,en,1.0
1 kilometer,1 kilometer,QUANTITY,,,en,1.0
Attica - Emergency,Attica - Emergency,WORK_OF_ART,,,en,1.0
about 7:30,about 7:30,TIME,,,en,1.0
112 rang,112 rang,MONEY,,,en,1.0
Adel,Adel,PRODUCT,,,en,1.0
12 hours,12 hours,TIME,,,en,1.0
| Weather |,| Weather |,WORK_OF_ART,,,en,1.0
Attica:,Attica:,WORK_OF_ART,,,en,1.0
1989-91,1989-91,DATE,,,en,1.0
late afternoon,late afternoon,TIME,,,en,1.0
200 mm,200 mm,QUANTITY,,,en,1.0
402,402,CARDINAL,,,en,1.0
the middle of the week,the middle of the week,DATE,,,en,1.0
24.3 kilometers,24.3 kilometers,QUANTITY,,,en,1.0
about four seconds,about four seconds,TIME,,,en,1.0
the New Year - See,the New Year - See,EVENT,,,en,1.0
"Nearly 7,500","Nearly 7,500",CARDINAL,,,en,1.0
Christmas Day,Christmas Day,DATE,,,en,1.0
the small hours,the small hours,TIME,,,en,1.0
the early afternoon,the early afternoon,TIME,,,en,1.0
Wednesday afternoon,Wednesday afternoon,TIME,,,en,1.0
8 degrees,8 degrees,QUANTITY,,,en,1.0
Christmas Eve,Christmas Eve,DATE,,,en,1.0
"more than 1,600","more than 1,600",CARDINAL,,,en,1.0
"More than 1,500","More than 1,500",CARDINAL,,,en,1.0
8 inches,8 inches,QUANTITY,,,en,1.0
4.1 Richter,4.1 Richter,QUANTITY,,,en,1.0
32km,32km,QUANTITY,,,en,1.0
73km,73km,QUANTITY,,,en,1.0
the week,the week,DATE,,,en,1.0
"Today, Monday, December 29","Today, Monday, December 29",DATE,,,en,1.0
the old year,the old year,DATE,,,en,1.0
New Year's Weather | Weather | Bad,New Year's Weather | Weather | Bad,EVENT,,,en,1.0
Tragedy,Tragedy,WORK_OF_ART,,,en,1.0
the beginning of November,the beginning of November,DATE,,,en,1.0
3.8,3.8,CARDINAL,,,en,1.0
"100,000 tons","100,000 tons",QUANTITY,,,en,1.0
Attica Earthquake | Earthquake,Attica Earthquake | Earthquake,EVENT,,,en,1.0
"Thursday, December 18","Thursday, December 18",DATE,,,en,1.0
ten seconds,ten seconds,TIME,,,en,1.0
12/12,12/12,CARDINAL,,,en,1.0
19 degrees,19 degrees,QUANTITY,,,en,1.0
19 degrees - Frost,19 degrees - Frost,QUANTITY,,,en,1.0
Summer,Summer,DATE,,,en,1.0
The Light of Avgerino,The Light of Avgerino,WORK_OF_ART,,,en,1.0
1981,1981,DATE,,,en,1.0
"February 24, 1981","February 24, 1981",DATE,,,en,1.0
almost midnight,almost midnight,TIME,,,en,1.0
The Light,The Light,WORK_OF_ART,,,en,1.0
53 kilometers,53 kilometers,QUANTITY,,,en,1.0
5.1 Richter east,5.1 Richter east,QUANTITY,,,en,1.0
Statue of Liberty,Statue of Liberty,FAC,,,en,1.0
more than 90 km,more than 90 km,QUANTITY,,,en,1.0
the Statue of Liberty,the Statue of Liberty,FAC,,,en,1.0
3 degrees,3 degrees,QUANTITY,,,en,1.0
Arabian,Arabian,NORP,,,en,1.0
600 meters,600 meters,QUANTITY,,,en,1.0
120 km,120 km,QUANTITY,,,en,1.0
Sky,Sky,WORK_OF_ART,,,en,1.0
Portuguese,Portuguese,NORP,,,en,1.0
39 Km,39 Km,QUANTITY,,,en,1.0
| Weather | Clouds,| Weather | Clouds,WORK_OF_ART,,,en,1.0
14,14,CARDINAL,,,en,1.0
Polar,Polar,NORP,,,en,1.0
More than 50,More than 50,CARDINAL,,,en,1.0
"Over 800,000","Over 800,000",CARDINAL,,,en,1.0
"July 23, 2018","July 23, 2018",DATE,,,en,1.0
At least 4,At least 4,CARDINAL,,,en,1.0
150 km per hour,150 km per hour,QUANTITY,,,en,1.0
EMY | Weather | Rains,EMY | Weather | Rains,WORK_OF_ART,,,en,1.0
"around 3,000","around 3,000",CARDINAL,,,en,1.0
29.01.2026,29.01.2026,CARDINAL,,,en,1.0
Severe Weather Kristin: Rain,Severe Weather Kristin: Rain,WORK_OF_ART,,,en,1.0
PASOK,PASOK,DATE,,,en,1.0
the next period,the next period,DATE,,,en,1.0
Michalis,Michalis,NORP,,,en,1.0
last 24 hours,last 24 hours,TIME,,,en,1.0
Bad weather Kristin hits,Bad weather Kristin hits,WORK_OF_ART,,,en,1.0
Storm Chandra,Storm Chandra,FAC,,,en,1.0
"about 10,000","about 10,000",CARDINAL,,,en,1.0
"about 1,100","about 1,100",CARDINAL,,,en,1.0
17 years,17 years,DATE,,,en,1.0
12:00 - 26,12:00 - 26,TIME,,,en,1.0
Vouliagmenis Avenue,Vouliagmenis Avenue,FAC,,,en,1.0
Vouliagmenis avenue,Vouliagmenis avenue,FAC,,,en,1.0
At least ten,At least ten,CARDINAL,,,en,1.0
At least 10,At least 10,CARDINAL,,,en,1.0
at least ten,at least ten,CARDINAL,,,en,1.0
more than a million,more than a million,CARDINAL,,,en,1.0
1/3,1/3,CARDINAL,,,en,1.0
last year,last year,DATE,,,en,1.0
11%,11%,PERCENT,,,en,1.0
the last three days,the last three days,DATE,,,en,1.0
last week,last week,DATE,,,en,1.0
"1,000","1,000",CARDINAL,,,en,1.0
Around 20,Around 20,CARDINAL,,,en,1.0
a month,a month,DATE,,,en,1.0
Attica - Successive,Attica - Successive,EVENT,,,en,1.0
hottest day,hottest day,DATE,,,en,1.0
Varda,Varda,LANGUAGE,,,en,1.0
20 years ago,20 years ago,DATE,,,en,1.0
"Today, Monday 26/1/2026","Today, Monday 26/1/2026",DATE,,,en,1.0
Corfu,Corfu,WORK_OF_ART,-0.034825870646766156,0.03316749585406301,en,1.0
0° Celsius,0° Celsius,QUANTITY,,,en,1.0
10.8 kilometers,10.8 kilometers,QUANTITY,,,en,1.0
| Thunderstorms | Winds | Greece,| Thunderstorms | Winds | Greece,EVENT,,,en,1.0
8:50,8:50,TIME,,,en,1.0
24bn,24bn,MONEY,,,en,1.0
Iberian,Iberian,NORP,,,en,1.0
sixty-year-old,sixty-year-old,DATE,,,en,1.0
several hours,several hours,TIME,,,en,1.0
the next two days,the next two days,DATE,,,en,1.0
four kilometers,four kilometers,QUANTITY,,,en,1.0
the 82nd kilometer,the 82nd kilometer,QUANTITY,,,en,1.0
afternoon hours,afternoon hours,TIME,,,en,1.0
Pyrgos Tower,Pyrgos Tower,FAC,,,en,1.0
Tower | Bad,Tower | Bad,EVENT,,,en,1.0
Irish,Irish,NORP,,,en,1.0
6/2/2026,6/2/2026,CARDINAL,,,en,1.0
114 millimeters,114 millimeters,QUANTITY,,,en,1.0
Precipitation |,Precipitation |,EVENT,,,en,1.0
about 14km,about 14km,QUANTITY,,,en,1.0
hours,hours,TIME,,,en,1.0
3.2.26,3.2.26,CARDINAL,,,en,1.0
200 meter,200 meter,QUANTITY,,,en,1.0
many hours,many hours,TIME,,,en,1.0
Falasarna | Earthquake |,Falasarna | Earthquake |,FAC,,,en,1.0
Red Code - Live,Red Code - Live,PRODUCT,,,en,1.0
next few hours,next few hours,TIME,,,en,1.0
at least 24 hours,at least 24 hours,TIME,,,en,1.0
Megalochori,Megalochori,NORP,0.0,0.0,en,1.0
Monolitho,Monolitho,NORP,,,en,1.0
Red Code 9,Red Code 9,EVENT,,,en,1.0
Dymaion Lake - Emergency,Dymaion Lake - Emergency,FAC,,,en,1.0
40cm,40cm,QUANTITY,,,en,1.0
the National Highway of Chios - Kardamylon,the National Highway of Chios - Kardamylon,FAC,,,en,1.0
the 127th kilometer,the 127th kilometer,FAC,,,en,1.0
Geotechnicians,Geotechnicians,NORP,,,en,1.0
billions of euros,billions of euros,MONEY,,,en,1.0
last Wednesday,last Wednesday,DATE,,,en,1.0
200km/h,200km/h,QUANTITY,,,en,1.0
At least 6,At least 6,CARDINAL,,,en,1.0
26/1/2026,26/1/2026,CARDINAL,,,en,1.0
some 25 kilometers,some 25 kilometers,QUANTITY,,,en,1.0
Wednesday - EMY's,Wednesday - EMY's,DATE,,,en,1.0
Venizelos |,Venizelos |,LAW,,,en,1.0
At least 50,At least 50,CARDINAL,,,en,1.0
More than 20,More than 20,CARDINAL,,,en,1.0
Pakistani,Pakistani,NORP,,,en,1.0
the afternoon of Wednesday,the afternoon of Wednesday,TIME,,,en,1.0
Second day,Second day,DATE,,,en,1.0
670,670,CARDINAL,,,en,1.0
12 midnight,12 midnight,TIME,,,en,1.0
17:15,17:15,TIME,,,en,1.0
Attica - Live,Attica - Live,FAC,,,en,1.0
40,40,CARDINAL,,,en,1.0
Half,Half,CARDINAL,,,en,1.0
the last decades,the last decades,DATE,,,en,1.0
Southern,Southern,NORP,,,en,1.0
Only a few hours,Only a few hours,TIME,,,en,1.0
Kostis,Kostis,NORP,,,en,1.0
Wednesday | Attica | Bad,Wednesday | Attica | Bad,DATE,,,en,1.0
many years ago,many years ago,DATE,,,en,1.0
minutes,minutes,TIME,,,en,1.0
"Drowning""","Drowning""",WORK_OF_ART,,,en,1.0
Wednesday - Papagou,Wednesday - Papagou,DATE,,,en,1.0
Over 140 millimeters,Over 140 millimeters,QUANTITY,,,en,1.0
Kallidromou Street,Kallidromou Street,FAC,,,en,1.0
"Saturday, January 24","Saturday, January 24",DATE,,,en,1.0
"yesterday, Monday","yesterday, Monday",DATE,,,en,1.0
36 hours,36 hours,TIME,,,en,1.0
"tomorrow, Wednesday 21-01-2026","tomorrow, Wednesday 21-01-2026",DATE,,,en,1.0
9 hours,9 hours,TIME,,,en,1.0
"1,060 meters","1,060 meters",QUANTITY,,,en,1.0
-11 degrees Celsius,-11 degrees Celsius,QUANTITY,,,en,1.0
1963,1963,DATE,,,en,1.0
earlier today,earlier today,TIME,,,en,1.0
every 6 hours,every 6 hours,TIME,,,en,1.0
Thodoris,Thodoris,WORK_OF_ART,,,en,1.0
11:00 to 14:00,11:00 to 14:00,TIME,,,en,1.0
11:00 a.m.,11:00 a.m.,TIME,,,en,1.0
10:00 in the morning,10:00 in the morning,TIME,,,en,1.0
Spetses | Rain | Center,Spetses | Rain | Center,FAC,,,en,1.0
early Wednesday,early Wednesday,TIME,,,en,1.0
early morning,early morning,TIME,,,en,1.0
661,661,CARDINAL,,,en,1.0
61,61,CARDINAL,,,en,1.0
"15,000","15,000",CARDINAL,,,en,1.0
Saturday to Monday,Saturday to Monday,DATE,,,en,1.0
Monday - Tuesday,Monday - Tuesday,DATE,,,en,1.0
every day,every day,DATE,,,en,1.0
80,80,CARDINAL,,,en,1.0
about 80,about 80,CARDINAL,,,en,1.0
at least 10,at least 10,CARDINAL,,,en,1.0
Indonesian,Indonesian,NORP,,,en,1.0
"130,000","130,000",CARDINAL,,,en,1.0
"at least 14,800","at least 14,800",CARDINAL,,,en,1.0
"More than 600,000","More than 600,000",CARDINAL,,,en,1.0
"Over 1,500","Over 1,500",CARDINAL,,,en,1.0
"At least 14,800","At least 14,800",CARDINAL,,,en,1.0
late last night,late last night,TIME,,,en,1.0
"670,000","670,000",CARDINAL,,,en,1.0
"10,000","10,000",CARDINAL,,,en,1.0
"More than 670,000","More than 670,000",CARDINAL,,,en,1.0
Jan. 25,Jan. 25,DATE,,,en,1.0
"nearly 10,000","nearly 10,000",CARDINAL,,,en,1.0
"900,000","900,000",CARDINAL,,,en,1.0
48 hour,48 hour,TIME,,,en,1.0
-46 degrees,-46 degrees,QUANTITY,,,en,1.0
150 million,150 million,CARDINAL,,,en,1.0
-46 degrees - 16,-46 degrees - 16,QUANTITY,,,en,1.0
1500,1500,CARDINAL,,,en,1.0
"more than 1,500","more than 1,500",CARDINAL,,,en,1.0
Mt Maunganui,Mt Maunganui,FAC,,,en,1.0
At least six,At least six,CARDINAL,,,en,1.0
19,19,CARDINAL,,,en,1.0
the past year,the past year,DATE,,,en,1.0
the last 30 years,the last 30 years,DATE,,,en,1.0
the first year,the first year,DATE,,,en,1.0
30 years,30 years,DATE,,,en,1.0
"478,000 acres","478,000 acres",QUANTITY,,,en,1.0
summers and fewer days,summers and fewer days,DATE,,,en,1.0
January 21,January 21,DATE,,,en,1.0
"Wednesday, January 21","Wednesday, January 21",DATE,,,en,1.0
20-22 January 2026,20-22 January 2026,DATE,,,en,1.0
nine,nine,CARDINAL,,,en,1.0
"January 23, 2026","January 23, 2026",DATE,,,en,1.0
"Wednesday, January 28","Wednesday, January 28",DATE,,,en,1.0
17 degrees,17 degrees,QUANTITY,,,en,1.0
